frequency,recency,tenure,monetary_value,number_unique_items,churned
6.0,367.0,369.0,39.19,3,True
41.0,365.0,369.0,12.01,9,False
2.0,127.0,130.0,22.28,2,True
0.0,0.0,326.0,0.0,1,False
0.0,0.0,87.0,0.0,1,True
0.0,0.0,59.0,0.0,1,False
4.0,322.0,324.0,16.5,2,True
0.0,0.0,44.0,0.0,1,False
0.0,0.0,98.0,0.0,1,False
0.0,0.0,145.0,0.0,2,True
0.0,0.0,282.0,0.0,1,True
2.0,160.0,219.0,26.89,2,False
0.0,0.0,373.0,0.0,1,True
13.0,365.0,367.0,17.65,3,True
3.0,83.0,226.0,50.93,4,False
10.0,357.0,371.0,18.11,2,False
4.0,87.0,264.0,47.75,3,False
0.0,0.0,290.0,0.0,1,True
0.0,0.0,294.0,0.0,1,False
1.0,105.0,239.0,37.3,3,False
2.0,240.0,318.0,35.55,2,True
4.0,56.0,63.0,11.46,4,True
6.0,334.0,360.0,34.16,6,False
4.0,146.0,331.0,25.29,4,False
1.0,39.0,365.0,47.97,4,False
0.0,0.0,24.0,0.0,1,False
0.0,0.0,236.0,0.0,2,False
0.0,0.0,89.0,0.0,1,False
0.0,0.0,88.0,0.0,1,True
1.0,60.0,123.0,14.85,2,True
0.0,0.0,219.0,0.0,1,False
0.0,0.0,86.0,0.0,2,False
1.0,154.0,172.0,13.52,2,False
0.0,0.0,78.0,0.0,1,True
1.0,52.0,253.0,34.0,3,False
0.0,0.0,368.0,0.0,1,True
0.0,0.0,148.0,0.0,2,False
0.0,0.0,17.0,0.0,1,False
12.0,357.0,366.0,37.35,4,False
0.0,0.0,74.0,0.0,1,True
2.0,212.0,359.0,36.35,3,False
1.0,93.0,171.0,27.04,1,False
4.0,317.0,319.0,25.25,3,False
3.0,252.0,267.0,31.9,3,False
0.0,0.0,25.0,0.0,2,False
0.0,0.0,87.0,0.0,3,True
1.0,66.0,197.0,3.3,2,False
0.0,0.0,288.0,0.0,1,False
2.0,153.0,336.0,16.5,2,False
2.0,155.0,214.0,16.5,3,False
4.0,222.0,252.0,54.02,8,False
1.0,35.0,78.0,28.37,2,False
0.0,0.0,9.0,0.0,1,False
2.0,152.0,168.0,20.12,2,True
0.0,0.0,306.0,0.0,3,False
2.0,185.0,256.0,16.5,2,False
0.0,0.0,89.0,0.0,1,False
0.0,0.0,7.0,0.0,1,False
2.0,119.0,233.0,46.2,2,False
0.0,0.0,211.0,0.0,2,True
0.0,0.0,242.0,0.0,2,False
0.0,0.0,292.0,0.0,1,False
0.0,0.0,8.0,0.0,1,True
0.0,0.0,112.0,0.0,1,False
0.0,0.0,120.0,0.0,1,True
0.0,0.0,268.0,0.0,2,True
0.0,0.0,22.0,0.0,1,False
1.0,105.0,364.0,32.55,2,False
8.0,304.0,326.0,34.1,7,True
10.0,322.0,357.0,22.09,7,True
1.0,55.0,78.0,19.8,1,False
5.0,370.0,371.0,26.59,3,False
2.0,107.0,220.0,20.3,3,False
2.0,196.0,249.0,27.55,3,False
4.0,203.0,288.0,24.75,4,False
4.0,333.0,358.0,21.95,3,False
0.0,0.0,129.0,0.0,1,False
0.0,0.0,45.0,0.0,1,True
0.0,0.0,138.0,0.0,1,False
0.0,0.0,11.0,0.0,1,True
1.0,35.0,87.0,16.5,2,False
0.0,0.0,357.0,0.0,1,False
0.0,0.0,369.0,0.0,1,True
0.0,0.0,256.0,0.0,1,False
1.0,25.0,33.0,28.37,2,False
1.0,236.0,266.0,13.52,2,False
4.0,253.0,309.0,54.83,3,True
3.0,313.0,327.0,53.8,3,False
8.0,337.0,358.0,25.7,4,False
1.0,135.0,213.0,19.8,1,False
0.0,0.0,253.0,0.0,1,False
0.0,0.0,152.0,0.0,1,True
0.0,0.0,373.0,0.0,1,False
0.0,0.0,82.0,0.0,2,True
5.0,250.0,369.0,11.4,5,True
0.0,0.0,129.0,0.0,1,True
5.0,336.0,371.0,63.72,5,False
21.0,357.0,361.0,38.99,7,False
2.0,156.0,175.0,13.52,1,True
0.0,0.0,227.0,0.0,1,True
1.0,50.0,337.0,33.0,2,False
5.0,260.0,292.0,29.7,2,False
12.0,316.0,317.0,43.45,2,False
6.0,199.0,332.0,31.3,2,False
0.0,0.0,39.0,0.0,1,False
0.0,0.0,175.0,0.0,1,False
1.0,98.0,157.0,16.5,2,True
3.0,174.0,311.0,22.62,2,True
1.0,218.0,331.0,16.5,2,True
2.0,173.0,184.0,49.5,2,False
0.0,0.0,138.0,0.0,1,False
2.0,251.0,372.0,19.8,2,False
0.0,0.0,19.0,0.0,2,True
0.0,0.0,269.0,0.0,2,True
0.0,0.0,240.0,0.0,1,True
1.0,270.0,359.0,16.5,2,False
0.0,0.0,77.0,0.0,1,False
1.0,48.0,71.0,16.5,1,False
0.0,0.0,304.0,0.0,1,False
0.0,0.0,240.0,0.0,3,False
2.0,125.0,212.0,24.75,4,False
7.0,298.0,308.0,19.38,5,False
1.0,160.0,240.0,13.52,1,True
1.0,251.0,366.0,14.75,2,False
3.0,231.0,315.0,39.27,6,True
6.0,335.0,364.0,32.01,4,False
0.0,0.0,149.0,0.0,1,True
0.0,0.0,295.0,0.0,1,True
2.0,157.0,298.0,56.1,3,False
2.0,61.0,155.0,18.45,2,False
1.0,9.0,115.0,4.25,2,True
0.0,0.0,313.0,0.0,1,False
1.0,111.0,233.0,39.6,3,True
0.0,0.0,283.0,0.0,1,False
2.0,282.0,318.0,16.28,2,False
0.0,0.0,299.0,0.0,1,False
0.0,0.0,4.0,0.0,1,False
1.0,53.0,369.0,5.9,1,False
7.0,287.0,360.0,44.27,3,False
1.0,137.0,151.0,19.8,1,True
0.0,0.0,128.0,0.0,3,True
1.0,110.0,205.0,43.22,4,False
2.0,129.0,249.0,24.75,3,True
0.0,0.0,240.0,0.0,1,True
4.0,331.0,361.0,43.23,6,False
0.0,0.0,95.0,0.0,2,False
1.0,91.0,151.0,37.3,2,False
8.0,316.0,320.0,13.81,7,False
4.0,217.0,243.0,5.9,3,False
0.0,0.0,212.0,0.0,2,False
0.0,0.0,106.0,0.0,1,True
2.0,337.0,360.0,20.8,1,False
0.0,0.0,213.0,0.0,1,True
0.0,0.0,203.0,0.0,1,False
1.0,188.0,206.0,1.65,3,False
0.0,0.0,189.0,0.0,1,False
0.0,0.0,205.0,0.0,1,True
0.0,0.0,263.0,0.0,1,False
26.0,314.0,325.0,11.84,6,False
2.0,90.0,273.0,21.45,3,True
3.0,218.0,247.0,13.75,2,False
6.0,314.0,331.0,30.85,2,True
3.0,152.0,169.0,13.08,3,False
9.0,350.0,361.0,44.34,5,True
1.0,58.0,89.0,17.7,2,True
2.0,215.0,337.0,28.05,4,False
1.0,58.0,220.0,19.8,1,False
0.0,0.0,330.0,0.0,2,True
3.0,267.0,290.0,34.77,4,False
0.0,0.0,155.0,0.0,3,True
1.0,60.0,249.0,47.84,2,True
1.0,44.0,67.0,33.0,2,True
0.0,0.0,169.0,0.0,2,False
0.0,0.0,222.0,0.0,1,False
0.0,0.0,351.0,0.0,1,False
2.0,263.0,308.0,18.65,3,False
1.0,178.0,206.0,51.02,3,False
3.0,304.0,339.0,36.03,3,True
1.0,10.0,73.0,9.9,3,False
0.0,0.0,131.0,0.0,1,False
3.0,292.0,358.0,41.91,4,False
13.0,348.0,365.0,55.15,7,False
2.0,135.0,213.0,13.35,3,False
0.0,0.0,86.0,0.0,1,False
3.0,327.0,365.0,20.4,2,False
0.0,0.0,316.0,0.0,1,True
0.0,0.0,14.0,0.0,1,False
2.0,223.0,305.0,63.08,5,True
0.0,0.0,77.0,0.0,1,False
1.0,231.0,276.0,29.7,2,True
0.0,0.0,277.0,0.0,3,False
0.0,0.0,79.0,0.0,1,False
0.0,0.0,71.0,0.0,1,False
0.0,0.0,122.0,0.0,2,False
0.0,0.0,80.0,0.0,2,False
0.0,0.0,257.0,0.0,2,False
0.0,0.0,268.0,0.0,3,False
0.0,0.0,256.0,0.0,1,False
0.0,0.0,365.0,0.0,1,False
0.0,0.0,89.0,0.0,1,False
2.0,216.0,276.0,27.9,4,False
0.0,0.0,88.0,0.0,2,False
2.0,135.0,234.0,23.93,2,True
0.0,0.0,136.0,0.0,3,True
5.0,267.0,298.0,59.25,4,True
0.0,0.0,280.0,0.0,2,False
0.0,0.0,131.0,0.0,1,False
0.0,0.0,232.0,0.0,1,False
1.0,136.0,214.0,20.8,2,False
0.0,0.0,319.0,0.0,1,False
1.0,156.0,339.0,20.8,2,True
0.0,0.0,192.0,0.0,1,False
0.0,0.0,204.0,0.0,1,False
3.0,191.0,277.0,22.0,2,False
0.0,0.0,107.0,0.0,1,False
1.0,274.0,372.0,13.2,1,False
0.0,0.0,63.0,0.0,1,False
1.0,250.0,290.0,20.8,2,False
0.0,0.0,64.0,0.0,1,False
2.0,186.0,294.0,69.45,6,True
0.0,0.0,10.0,0.0,1,False
0.0,0.0,10.0,0.0,1,False
1.0,21.0,190.0,27.04,2,False
0.0,0.0,35.0,0.0,1,False
1.0,64.0,80.0,16.5,1,False
0.0,0.0,23.0,0.0,1,False
2.0,192.0,218.0,13.2,1,False
4.0,308.0,334.0,40.25,7,True
0.0,0.0,207.0,0.0,1,True
12.0,352.0,359.0,50.1,7,False
0.0,0.0,58.0,0.0,2,False
5.0,251.0,358.0,16.86,2,False
1.0,16.0,115.0,33.0,2,False
0.0,0.0,47.0,0.0,4,False
0.0,0.0,236.0,0.0,1,True
3.0,107.0,298.0,31.4,3,False
1.0,103.0,281.0,33.0,3,False
1.0,154.0,211.0,19.8,1,False
1.0,148.0,256.0,20.8,2,False
0.0,0.0,233.0,0.0,1,True
1.0,27.0,155.0,17.7,2,True
1.0,140.0,353.0,56.2,2,False
9.0,324.0,367.0,37.24,6,True
0.0,0.0,51.0,0.0,1,False
0.0,0.0,311.0,0.0,1,True
1.0,349.0,359.0,27.04,1,False
0.0,0.0,282.0,0.0,1,True
0.0,0.0,23.0,0.0,1,True
2.0,142.0,145.0,27.6,4,False
1.0,232.0,284.0,20.4,1,False
2.0,182.0,183.0,20.8,1,True
0.0,0.0,260.0,0.0,1,True
2.0,175.0,247.0,17.7,2,True
0.0,0.0,72.0,0.0,2,True
0.0,0.0,179.0,0.0,1,False
0.0,0.0,85.0,0.0,2,False
0.0,0.0,78.0,0.0,1,False
0.0,0.0,1.0,0.0,1,True
2.0,333.0,366.0,26.94,3,True
2.0,179.0,219.0,35.4,1,True
4.0,293.0,326.0,14.04,3,False
0.0,0.0,366.0,0.0,1,False
1.0,85.0,267.0,4.25,2,False
9.0,356.0,358.0,28.72,4,False
3.0,70.0,75.0,33.0,1,True
0.0,0.0,85.0,0.0,1,True
0.0,0.0,39.0,0.0,1,False
2.0,188.0,200.0,3.58,2,False
1.0,147.0,243.0,2.08,2,False
1.0,217.0,242.0,20.8,4,False
0.0,0.0,126.0,0.0,1,False
0.0,0.0,201.0,0.0,1,True
2.0,56.0,61.0,7.36,3,True
2.0,164.0,245.0,38.5,3,True
0.0,0.0,140.0,0.0,2,True
0.0,0.0,19.0,0.0,1,False
1.0,42.0,82.0,5.01,2,False
0.0,0.0,173.0,0.0,1,True
1.0,350.0,367.0,18.95,3,False
0.0,0.0,243.0,0.0,1,False
11.0,241.0,253.0,16.27,4,False
1.0,47.0,70.0,16.5,1,False
1.0,93.0,241.0,60.4,3,True
0.0,0.0,309.0,0.0,1,False
0.0,0.0,155.0,0.0,3,False
4.0,252.0,303.0,21.7,4,False
0.0,0.0,266.0,0.0,1,False
3.0,228.0,336.0,33.57,2,True
0.0,0.0,47.0,0.0,1,True
1.0,157.0,241.0,64.34,3,False
0.0,0.0,45.0,0.0,2,True
0.0,0.0,243.0,0.0,1,False
0.0,0.0,40.0,0.0,2,False
0.0,0.0,285.0,0.0,1,False
0.0,0.0,170.0,0.0,1,False
1.0,306.0,330.0,19.8,2,False
0.0,0.0,318.0,0.0,1,True
0.0,0.0,173.0,0.0,1,True
1.0,57.0,267.0,8.85,1,False
2.0,181.0,357.0,24.09,3,False
0.0,0.0,285.0,0.0,1,True
0.0,0.0,177.0,0.0,1,False
3.0,219.0,243.0,51.28,4,False
3.0,209.0,242.0,12.31,4,True
0.0,0.0,67.0,0.0,2,False
0.0,0.0,252.0,0.0,2,False
2.0,174.0,226.0,25.15,4,True
0.0,0.0,215.0,0.0,1,True
1.0,154.0,185.0,17.7,2,True
0.0,0.0,105.0,0.0,1,False
2.0,225.0,234.0,20.12,2,True
0.0,0.0,366.0,0.0,1,False
2.0,179.0,267.0,55.2,2,False
0.0,0.0,256.0,0.0,1,False
1.0,97.0,242.0,57.1,4,True
0.0,0.0,164.0,0.0,3,True
0.0,0.0,85.0,0.0,1,False
0.0,0.0,320.0,0.0,3,True
0.0,0.0,212.0,0.0,1,False
0.0,0.0,287.0,0.0,1,False
0.0,0.0,149.0,0.0,1,True
8.0,305.0,362.0,11.71,3,False
0.0,0.0,32.0,0.0,1,True
0.0,0.0,284.0,0.0,2,True
2.0,336.0,337.0,14.75,2,True
2.0,138.0,155.0,16.83,2,True
0.0,0.0,59.0,0.0,1,True
6.0,196.0,259.0,36.11,3,False
1.0,8.0,87.0,14.85,3,False
1.0,229.0,373.0,27.04,1,True
0.0,0.0,302.0,0.0,1,True
0.0,0.0,271.0,0.0,2,False
3.0,279.0,315.0,24.05,4,False
0.0,0.0,218.0,0.0,1,False
1.0,57.0,338.0,51.9,3,True
0.0,0.0,269.0,0.0,2,False
0.0,0.0,240.0,0.0,1,True
1.0,18.0,33.0,13.52,1,False
0.0,0.0,116.0,0.0,1,False
1.0,151.0,282.0,42.9,2,False
2.0,20.0,308.0,14.85,3,False
0.0,0.0,107.0,0.0,1,False
1.0,26.0,161.0,47.44,2,False
1.0,27.0,246.0,33.32,2,False
0.0,0.0,234.0,0.0,1,True
1.0,255.0,260.0,8.25,4,False
0.0,0.0,200.0,0.0,1,False
3.0,141.0,320.0,20.05,4,True
0.0,0.0,287.0,0.0,1,False
0.0,0.0,317.0,0.0,1,True
2.0,16.0,25.0,7.73,2,False
3.0,145.0,205.0,33.32,2,True
1.0,214.0,252.0,20.8,2,False
0.0,0.0,71.0,0.0,2,False
0.0,0.0,179.0,0.0,1,True
2.0,267.0,337.0,17.32,7,False
4.0,147.0,373.0,22.21,3,False
7.0,365.0,367.0,19.03,2,False
1.0,48.0,247.0,24.75,3,True
0.0,0.0,96.0,0.0,2,False
0.0,0.0,81.0,0.0,1,True
8.0,218.0,295.0,33.37,4,True
4.0,315.0,327.0,8.38,3,True
0.0,0.0,66.0,0.0,1,True
0.0,0.0,116.0,0.0,1,True
0.0,0.0,255.0,0.0,2,True
0.0,0.0,289.0,0.0,2,False
0.0,0.0,96.0,0.0,1,True
1.0,18.0,319.0,33.0,2,False
0.0,0.0,261.0,0.0,1,False
0.0,0.0,40.0,0.0,1,False
0.0,0.0,91.0,0.0,1,False
2.0,175.0,310.0,33.0,2,False
0.0,0.0,176.0,0.0,1,False
1.0,86.0,143.0,7.9,2,True
0.0,0.0,22.0,0.0,1,True
0.0,0.0,200.0,0.0,1,False
0.0,0.0,159.0,0.0,1,True
0.0,0.0,25.0,0.0,1,True
1.0,106.0,317.0,12.48,2,True
0.0,0.0,117.0,0.0,3,True
5.0,294.0,366.0,17.33,4,False
0.0,0.0,129.0,0.0,1,True
1.0,160.0,288.0,75.0,2,False
8.0,305.0,329.0,23.66,1,False
0.0,0.0,326.0,0.0,1,True
0.0,0.0,86.0,0.0,1,False
4.0,314.0,332.0,11.7,3,False
0.0,0.0,247.0,0.0,1,False
1.0,128.0,186.0,33.32,2,True
0.0,0.0,74.0,0.0,2,False
2.0,187.0,218.0,17.7,1,False
0.0,0.0,38.0,0.0,2,False
3.0,234.0,357.0,32.01,3,False
0.0,0.0,287.0,0.0,1,False
9.0,286.0,308.0,29.27,3,True
4.0,248.0,301.0,20.1,4,False
0.0,0.0,54.0,0.0,1,False
4.0,275.0,296.0,21.86,3,True
2.0,171.0,242.0,24.75,3,False
1.0,243.0,253.0,28.05,2,True
2.0,276.0,283.0,16.23,1,True
1.0,99.0,218.0,32.55,3,True
2.0,31.0,32.0,29.7,1,False
1.0,287.0,310.0,17.7,2,True
3.0,136.0,164.0,28.71,4,True
0.0,0.0,16.0,0.0,1,True
1.0,70.0,262.0,13.52,2,True
1.0,257.0,294.0,13.2,1,False
2.0,197.0,276.0,20.95,2,True
1.0,159.0,308.0,17.7,2,False
1.0,25.0,36.0,27.04,1,False
0.0,0.0,351.0,0.0,1,False
3.0,55.0,72.0,12.76,2,True
0.0,0.0,74.0,0.0,1,False
0.0,0.0,133.0,0.0,1,False
1.0,157.0,326.0,17.7,2,False
1.0,185.0,280.0,34.0,2,True
0.0,0.0,148.0,0.0,1,False
0.0,0.0,263.0,0.0,1,False
0.0,0.0,23.0,0.0,1,True
0.0,0.0,144.0,0.0,1,False
3.0,70.0,94.0,60.44,4,True
1.0,49.0,73.0,17.7,2,False
1.0,118.0,294.0,19.8,2,True
0.0,0.0,238.0,0.0,1,False
1.0,108.0,115.0,39.6,1,True
2.0,266.0,271.0,9.08,3,False
0.0,0.0,79.0,0.0,1,False
0.0,0.0,21.0,0.0,1,True
8.0,343.0,365.0,27.61,7,True
3.0,160.0,269.0,31.13,4,True
4.0,245.0,276.0,21.75,5,True
0.0,0.0,73.0,0.0,1,False
0.0,0.0,163.0,0.0,1,True
4.0,287.0,326.0,7.76,2,False
11.0,260.0,264.0,38.62,4,False
4.0,235.0,254.0,36.48,4,False
1.0,174.0,239.0,13.2,1,False
1.0,23.0,75.0,16.5,1,False
2.0,174.0,238.0,20.28,1,True
3.0,109.0,148.0,31.67,4,False
3.0,126.0,141.0,33.0,2,False
6.0,190.0,254.0,37.9,3,False
0.0,0.0,373.0,0.0,1,True
2.0,49.0,127.0,17.0,3,False
0.0,0.0,215.0,0.0,1,False
2.0,197.0,312.0,18.15,2,False
1.0,7.0,205.0,19.8,2,True
0.0,0.0,277.0,0.0,1,False
0.0,0.0,77.0,0.0,1,False
1.0,72.0,88.0,14.85,1,False
0.0,0.0,211.0,0.0,1,False
0.0,0.0,225.0,0.0,1,True
0.0,0.0,124.0,0.0,2,False
4.0,253.0,275.0,15.3,1,False
0.0,0.0,22.0,0.0,1,False
1.0,269.0,297.0,35.4,1,False
0.0,0.0,364.0,0.0,1,False
2.0,129.0,207.0,24.75,2,True
10.0,291.0,331.0,21.76,5,True
0.0,0.0,266.0,0.0,1,True
3.0,283.0,309.0,11.28,4,True
0.0,0.0,305.0,0.0,1,False
3.0,301.0,317.0,27.5,2,False
0.0,0.0,31.0,0.0,1,False
0.0,0.0,226.0,0.0,1,False
0.0,0.0,106.0,0.0,1,True
15.0,283.0,284.0,6.09,5,False
3.0,271.0,360.0,12.63,3,False
0.0,0.0,274.0,0.0,1,False
1.0,33.0,96.0,16.15,3,False
0.0,0.0,320.0,0.0,2,True
2.0,39.0,42.0,3.8,3,False
0.0,0.0,32.0,0.0,1,False
1.0,67.0,369.0,17.85,3,False
9.0,354.0,361.0,17.04,4,False
9.0,351.0,358.0,30.62,4,False
11.0,75.0,79.0,37.53,5,True
0.0,0.0,36.0,0.0,1,True
0.0,0.0,157.0,0.0,1,False
0.0,0.0,137.0,0.0,2,True
0.0,0.0,37.0,0.0,1,True
0.0,0.0,239.0,0.0,2,True
5.0,268.0,364.0,27.72,3,True
6.0,224.0,266.0,30.47,6,False
3.0,235.0,275.0,48.7,5,False
0.0,0.0,121.0,0.0,1,False
0.0,0.0,29.0,0.0,1,False
1.0,50.0,78.0,13.52,1,False
0.0,0.0,10.0,0.0,1,False
1.0,134.0,256.0,20.8,1,False
0.0,0.0,319.0,0.0,1,False
0.0,0.0,315.0,0.0,2,False
2.0,103.0,105.0,22.28,1,False
0.0,0.0,8.0,0.0,1,False
0.0,0.0,220.0,0.0,1,False
0.0,0.0,35.0,0.0,1,False
0.0,0.0,239.0,0.0,2,False
10.0,343.0,362.0,38.4,8,False
1.0,63.0,278.0,31.22,2,False
0.0,0.0,275.0,0.0,2,True
0.0,0.0,165.0,0.0,1,False
0.0,0.0,219.0,0.0,1,True
1.0,112.0,171.0,10.2,1,True
1.0,41.0,367.0,35.4,1,False
1.0,84.0,179.0,8.5,3,False
2.0,135.0,143.0,7.22,2,False
1.0,12.0,52.0,5.05,4,True
0.0,0.0,358.0,0.0,1,True
4.0,280.0,310.0,24.75,2,False
2.0,205.0,318.0,31.22,2,False
10.0,198.0,199.0,29.64,4,False
0.0,0.0,67.0,0.0,1,True
11.0,304.0,308.0,41.8,6,True
1.0,48.0,234.0,13.52,2,False
0.0,0.0,2.0,0.0,1,False
0.0,0.0,264.0,0.0,2,False
0.0,0.0,239.0,0.0,1,True
0.0,0.0,94.0,0.0,2,False
5.0,266.0,371.0,30.54,3,False
5.0,238.0,295.0,27.36,2,False
1.0,121.0,277.0,14.85,1,True
1.0,144.0,330.0,16.5,3,True
1.0,29.0,37.0,17.7,1,False
4.0,224.0,264.0,20.62,4,True
0.0,0.0,42.0,0.0,1,False
3.0,93.0,206.0,28.11,3,False
0.0,0.0,177.0,0.0,3,False
1.0,107.0,264.0,29.7,2,False
0.0,0.0,215.0,0.0,1,False
3.0,88.0,284.0,31.75,5,False
0.0,0.0,333.0,0.0,1,False
2.0,105.0,288.0,27.06,3,False
2.0,222.0,264.0,24.75,1,False
0.0,0.0,211.0,0.0,1,True
0.0,0.0,57.0,0.0,1,False
0.0,0.0,80.0,0.0,1,True
5.0,217.0,316.0,24.55,4,True
0.0,0.0,30.0,0.0,1,False
0.0,0.0,183.0,0.0,1,False
1.0,91.0,325.0,38.5,2,False
2.0,189.0,365.0,21.45,3,True
1.0,44.0,263.0,39.6,3,True
1.0,108.0,245.0,83.14,3,False
0.0,0.0,278.0,0.0,2,True
1.0,82.0,89.0,14.85,1,True
1.0,104.0,364.0,29.7,2,False
3.0,195.0,318.0,40.11,5,False
0.0,0.0,199.0,0.0,1,True
0.0,0.0,78.0,0.0,3,False
1.0,91.0,245.0,19.8,1,True
1.0,98.0,260.0,47.4,2,False
0.0,0.0,331.0,0.0,2,False
0.0,0.0,225.0,0.0,1,True
3.0,191.0,242.0,20.8,1,False
2.0,191.0,289.0,17.0,3,False
9.0,364.0,367.0,20.72,3,True
0.0,0.0,176.0,0.0,1,True
0.0,0.0,8.0,0.0,1,False
3.0,350.0,361.0,19.36,4,True
2.0,155.0,275.0,21.6,2,False
1.0,194.0,282.0,10.2,3,False
0.0,0.0,147.0,0.0,2,False
3.0,288.0,360.0,28.69,3,True
3.0,99.0,107.0,29.78,4,True
1.0,64.0,135.0,13.52,3,False
3.0,239.0,373.0,35.62,3,False
0.0,0.0,242.0,0.0,3,True
1.0,27.0,337.0,13.52,2,False
1.0,90.0,134.0,20.8,1,False
1.0,126.0,332.0,35.4,1,True
1.0,166.0,176.0,13.52,1,False
3.0,312.0,329.0,28.11,6,True
0.0,0.0,135.0,0.0,1,False
0.0,0.0,22.0,0.0,1,False
1.0,260.0,276.0,17.7,1,False
0.0,0.0,196.0,0.0,1,True
3.0,273.0,318.0,31.8,3,True
0.0,0.0,31.0,0.0,1,False
3.0,148.0,275.0,15.73,1,False
0.0,0.0,274.0,0.0,1,False
1.0,39.0,273.0,51.02,3,True
0.0,0.0,81.0,0.0,1,False
0.0,0.0,43.0,0.0,2,False
0.0,0.0,94.0,0.0,1,False
1.0,30.0,164.0,19.8,3,True
10.0,268.0,276.0,59.57,7,False
1.0,251.0,295.0,20.65,1,True
0.0,0.0,26.0,0.0,1,False
2.0,125.0,163.0,23.76,4,False
0.0,0.0,23.0,0.0,1,False
2.0,77.0,109.0,24.08,4,True
5.0,362.0,372.0,31.56,5,True
1.0,125.0,190.0,66.0,3,True
6.0,362.0,372.0,47.96,6,True
4.0,294.0,372.0,22.01,2,False
1.0,306.0,371.0,43.02,2,False
1.0,50.0,162.0,27.04,1,True
3.0,200.0,369.0,27.5,2,True
0.0,0.0,276.0,0.0,2,False
0.0,0.0,130.0,0.0,1,True
3.0,247.0,318.0,24.87,3,True
2.0,114.0,206.0,2.2,3,False
10.0,359.0,360.0,31.22,4,False
0.0,0.0,42.0,0.0,1,True
1.0,22.0,25.0,33.6,2,False
2.0,214.0,252.0,15.36,3,True
1.0,117.0,170.0,17.7,1,False
3.0,172.0,312.0,23.1,3,False
2.0,318.0,325.0,27.34,5,True
5.0,80.0,89.0,27.63,3,True
0.0,0.0,306.0,0.0,1,False
1.0,244.0,316.0,35.4,2,False
0.0,0.0,94.0,0.0,1,False
1.0,172.0,310.0,13.52,2,False
3.0,246.0,246.0,8.49,6,False
1.0,355.0,364.0,35.4,2,False
3.0,354.0,372.0,6.09,4,True
2.0,140.0,320.0,19.01,2,False
1.0,134.0,194.0,16.5,4,False
0.0,0.0,93.0,0.0,2,False
7.0,137.0,142.0,20.56,7,True
0.0,0.0,155.0,0.0,1,True
1.0,83.0,261.0,27.04,2,True
6.0,242.0,308.0,17.73,4,False
0.0,0.0,246.0,0.0,4,True
1.0,114.0,187.0,13.2,1,False
1.0,22.0,46.0,17.7,2,True
1.0,276.0,287.0,27.04,2,False
6.0,252.0,355.0,19.55,3,True
0.0,0.0,74.0,0.0,1,False
2.0,233.0,304.0,33.2,5,True
0.0,0.0,257.0,0.0,1,False
0.0,0.0,365.0,0.0,2,False
0.0,0.0,99.0,0.0,1,False
0.0,0.0,50.0,0.0,1,False
0.0,0.0,207.0,0.0,3,False
2.0,139.0,155.0,20.28,1,False
0.0,0.0,311.0,0.0,1,True
2.0,319.0,361.0,1.1,2,False
2.0,252.0,278.0,14.1,2,True
0.0,0.0,183.0,0.0,1,True
7.0,294.0,313.0,11.21,4,False
1.0,108.0,178.0,13.2,3,True
3.0,231.0,278.0,10.98,3,False
6.0,345.0,362.0,20.95,6,True
1.0,175.0,276.0,13.52,2,False
0.0,0.0,89.0,0.0,1,True
2.0,100.0,133.0,27.04,1,False
1.0,140.0,201.0,6.6,2,False
2.0,169.0,191.0,37.7,2,False
0.0,0.0,64.0,0.0,1,False
0.0,0.0,1.0,0.0,1,False
3.0,210.0,281.0,7.43,2,True
2.0,176.0,361.0,5.6,2,False
14.0,346.0,354.0,7.94,5,False
2.0,50.0,110.0,8.18,4,False
2.0,168.0,296.0,14.75,1,False
1.0,49.0,285.0,0.55,2,False
0.0,0.0,64.0,0.0,1,False
6.0,316.0,318.0,11.16,5,True
2.0,188.0,248.0,30.08,4,True
0.0,0.0,182.0,0.0,1,False
4.0,243.0,248.0,19.53,5,False
4.0,50.0,54.0,26.09,2,True
0.0,0.0,311.0,0.0,4,False
0.0,0.0,44.0,0.0,1,False
0.0,0.0,151.0,0.0,3,False
2.0,320.0,339.0,2.97,1,False
2.0,42.0,52.0,37.35,5,True
1.0,245.0,302.0,32.45,1,False
4.0,314.0,357.0,14.44,3,False
0.0,0.0,162.0,0.0,1,True
9.0,293.0,304.0,25.17,4,False
2.0,266.0,361.0,55.2,3,True
0.0,0.0,130.0,0.0,1,False
3.0,228.0,268.0,18.62,3,False
2.0,105.0,287.0,19.8,2,True
4.0,200.0,205.0,16.67,5,True
1.0,14.0,197.0,19.42,2,False
0.0,0.0,276.0,0.0,1,False
7.0,313.0,331.0,11.23,5,True
1.0,198.0,213.0,47.85,4,False
0.0,0.0,64.0,0.0,1,False
0.0,0.0,198.0,0.0,3,False
0.0,0.0,7.0,0.0,1,False
3.0,66.0,85.0,21.02,3,False
0.0,0.0,11.0,0.0,1,False
0.0,0.0,44.0,0.0,2,False
0.0,0.0,305.0,0.0,1,True
29.0,345.0,354.0,4.88,8,False
0.0,0.0,245.0,0.0,1,False
1.0,157.0,187.0,16.5,2,False
0.0,0.0,184.0,0.0,1,False
0.0,0.0,235.0,0.0,1,True
0.0,0.0,59.0,0.0,1,True
0.0,0.0,196.0,0.0,1,False
1.0,169.0,233.0,52.8,3,False
0.0,0.0,242.0,0.0,1,False
0.0,0.0,47.0,0.0,1,False
0.0,0.0,262.0,0.0,1,True
0.0,0.0,268.0,0.0,1,False
0.0,0.0,50.0,0.0,1,False
1.0,171.0,291.0,27.04,2,False
1.0,57.0,227.0,39.6,1,False
0.0,0.0,58.0,0.0,1,False
1.0,119.0,275.0,66.0,2,False
0.0,0.0,201.0,0.0,1,False
1.0,208.0,212.0,18.56,3,True
1.0,144.0,211.0,27.04,2,True
2.0,337.0,338.0,11.33,2,False
1.0,48.0,70.0,35.4,2,False
1.0,114.0,283.0,4.95,2,False
1.0,138.0,155.0,0.55,2,True
0.0,0.0,117.0,0.0,1,False
7.0,307.0,315.0,29.81,5,False
1.0,206.0,234.0,6.6,3,False
0.0,0.0,33.0,0.0,1,True
0.0,0.0,310.0,0.0,2,True
10.0,301.0,326.0,22.11,5,False
1.0,91.0,332.0,11.7,5,True
0.0,0.0,280.0,0.0,3,False
1.0,330.0,367.0,13.2,1,True
0.0,0.0,16.0,0.0,3,False
4.0,289.0,360.0,22.75,2,True
4.0,337.0,362.0,12.51,4,False
7.0,244.0,373.0,22.58,5,True
0.0,0.0,208.0,0.0,1,False
1.0,107.0,151.0,13.52,1,True
1.0,185.0,322.0,10.2,2,True
0.0,0.0,264.0,0.0,1,False
0.0,0.0,218.0,0.0,1,True
1.0,49.0,238.0,33.0,3,False
5.0,306.0,316.0,6.59,4,True
4.0,249.0,365.0,13.2,3,True
2.0,91.0,142.0,4.64,2,True
0.0,0.0,2.0,0.0,1,False
7.0,328.0,358.0,21.37,2,False
1.0,19.0,59.0,10.14,2,False
7.0,252.0,262.0,14.59,7,True
7.0,336.0,365.0,17.47,5,False
1.0,307.0,331.0,14.85,2,False
2.0,239.0,249.0,9.9,2,False
0.0,0.0,89.0,0.0,1,False
4.0,361.0,371.0,13.63,3,True
0.0,0.0,24.0,0.0,1,False
0.0,0.0,373.0,0.0,2,True
5.0,211.0,276.0,6.93,4,False
1.0,7.0,212.0,19.8,1,False
1.0,119.0,339.0,17.7,2,False
4.0,338.0,354.0,32.96,2,True
0.0,0.0,133.0,0.0,1,False
0.0,0.0,211.0,0.0,1,False
0.0,0.0,197.0,0.0,1,True
0.0,0.0,16.0,0.0,1,True
0.0,0.0,112.0,0.0,1,False
0.0,0.0,249.0,0.0,2,False
2.0,245.0,368.0,32.0,5,False
0.0,0.0,87.0,0.0,2,True
1.0,251.0,295.0,13.52,1,False
9.0,325.0,334.0,35.53,6,False
0.0,0.0,75.0,0.0,1,False
1.0,34.0,259.0,19.8,1,True
0.0,0.0,297.0,0.0,1,False
0.0,0.0,263.0,0.0,1,False
0.0,0.0,29.0,0.0,1,True
3.0,176.0,256.0,30.46,4,False
5.0,275.0,357.0,32.85,8,True
1.0,91.0,323.0,64.54,3,False
1.0,181.0,308.0,14.85,2,True
0.0,0.0,54.0,0.0,1,True
3.0,237.0,253.0,26.4,3,True
0.0,0.0,21.0,0.0,1,True
12.0,365.0,366.0,5.57,4,False
0.0,0.0,310.0,0.0,1,False
3.0,253.0,362.0,12.1,2,False
9.0,294.0,334.0,15.55,5,True
0.0,0.0,67.0,0.0,1,False
1.0,77.0,277.0,82.9,4,True
2.0,180.0,253.0,26.56,2,True
0.0,0.0,194.0,0.0,1,False
5.0,355.0,358.0,30.81,4,False
0.0,0.0,360.0,0.0,1,True
0.0,0.0,53.0,0.0,1,False
4.0,218.0,240.0,31.37,2,False
3.0,229.0,288.0,28.58,3,False
2.0,148.0,191.0,31.51,3,False
2.0,178.0,241.0,33.75,4,False
3.0,199.0,318.0,13.2,1,False
0.0,0.0,311.0,0.0,1,False
0.0,0.0,256.0,0.0,1,False
4.0,194.0,252.0,49.62,3,True
3.0,141.0,274.0,29.7,3,False
0.0,0.0,134.0,0.0,1,True
0.0,0.0,141.0,0.0,1,True
1.0,33.0,218.0,13.52,2,True
1.0,41.0,161.0,33.0,2,False
0.0,0.0,261.0,0.0,1,True
0.0,0.0,107.0,0.0,3,False
1.0,138.0,211.0,27.04,2,False
1.0,39.0,187.0,16.5,3,True
0.0,0.0,9.0,0.0,1,True
7.0,283.0,290.0,42.0,5,False
0.0,0.0,365.0,0.0,1,True
2.0,217.0,240.0,15.99,4,True
0.0,0.0,25.0,0.0,1,False
3.0,154.0,278.0,21.06,5,False
1.0,76.0,233.0,60.4,2,True
3.0,364.0,367.0,24.71,4,False
1.0,90.0,273.0,13.2,2,False
0.0,0.0,277.0,0.0,1,True
2.0,79.0,149.0,17.0,3,False
1.0,39.0,154.0,13.2,2,True
0.0,0.0,201.0,0.0,1,False
0.0,0.0,50.0,0.0,1,True
3.0,202.0,296.0,20.6,3,False
1.0,39.0,137.0,13.2,2,True
0.0,0.0,19.0,0.0,1,True
0.0,0.0,285.0,0.0,1,False
0.0,0.0,12.0,0.0,2,False
1.0,187.0,296.0,13.52,1,True
0.0,0.0,8.0,0.0,1,False
5.0,279.0,360.0,42.77,6,False
2.0,174.0,183.0,12.28,4,True
0.0,0.0,247.0,0.0,1,False
0.0,0.0,96.0,0.0,1,False
0.0,0.0,30.0,0.0,1,True
0.0,0.0,35.0,0.0,1,True
0.0,0.0,134.0,0.0,1,True
0.0,0.0,37.0,0.0,1,True
2.0,41.0,330.0,10.73,3,False
0.0,0.0,19.0,0.0,1,True
0.0,0.0,211.0,0.0,1,False
1.0,242.0,280.0,5.9,2,False
1.0,71.0,241.0,1.1,2,False
0.0,0.0,47.0,0.0,1,True
2.0,223.0,338.0,77.78,5,True
0.0,0.0,147.0,0.0,1,False
25.0,351.0,366.0,17.21,7,False
0.0,0.0,51.0,0.0,1,False
0.0,0.0,159.0,0.0,1,True
2.0,13.0,25.0,2.97,3,True
1.0,320.0,373.0,3.35,3,False
0.0,0.0,43.0,0.0,1,False
0.0,0.0,266.0,0.0,2,False
4.0,358.0,366.0,7.46,2,False
7.0,282.0,325.0,19.07,6,False
5.0,358.0,367.0,15.29,2,False
0.0,0.0,33.0,0.0,2,True
0.0,0.0,80.0,0.0,1,False
1.0,172.0,282.0,17.0,2,True
1.0,110.0,366.0,16.5,2,False
4.0,220.0,329.0,8.39,4,True
4.0,338.0,353.0,22.89,4,False
0.0,0.0,89.0,0.0,1,True
1.0,119.0,187.0,5.9,2,False
36.0,359.0,368.0,21.15,7,False
0.0,0.0,199.0,0.0,1,False
8.0,296.0,362.0,30.46,3,False
0.0,0.0,66.0,0.0,1,False
0.0,0.0,269.0,0.0,1,False
0.0,0.0,71.0,0.0,1,True
0.0,0.0,150.0,0.0,1,True
0.0,0.0,319.0,0.0,1,False
1.0,125.0,281.0,33.0,1,True
2.0,188.0,312.0,2.5,4,False
0.0,0.0,170.0,0.0,1,False
2.0,288.0,359.0,20.8,1,True
0.0,0.0,291.0,0.0,2,False
0.0,0.0,53.0,0.0,2,False
0.0,0.0,78.0,0.0,2,False
0.0,0.0,93.0,0.0,1,False
1.0,1.0,186.0,19.8,1,False
0.0,0.0,105.0,0.0,1,False
0.0,0.0,77.0,0.0,1,False
0.0,0.0,172.0,0.0,3,False
16.0,361.0,368.0,30.44,3,True
0.0,0.0,315.0,0.0,1,False
4.0,345.0,367.0,22.13,1,False
1.0,46.0,67.0,10.2,3,False
0.0,0.0,128.0,0.0,2,False
0.0,0.0,67.0,0.0,1,True
0.0,0.0,283.0,0.0,1,False
1.0,68.0,203.0,13.52,1,False
0.0,0.0,42.0,0.0,1,False
0.0,0.0,84.0,0.0,1,True
0.0,0.0,86.0,0.0,1,True
0.0,0.0,67.0,0.0,1,True
0.0,0.0,211.0,0.0,1,False
0.0,0.0,334.0,0.0,1,False
0.0,0.0,245.0,0.0,1,False
2.0,274.0,318.0,10.2,1,False
0.0,0.0,54.0,0.0,2,False
2.0,101.0,217.0,13.2,1,False
0.0,0.0,204.0,0.0,1,True
3.0,201.0,215.0,27.83,4,False
0.0,0.0,133.0,0.0,1,False
0.0,0.0,288.0,0.0,2,True
1.0,90.0,204.0,10.2,2,False
0.0,0.0,206.0,0.0,1,False
1.0,94.0,207.0,13.2,1,True
3.0,241.0,291.0,31.6,2,False
2.0,206.0,262.0,24.3,2,False
3.0,210.0,240.0,23.6,1,True
2.0,94.0,96.0,26.07,4,True
0.0,0.0,336.0,0.0,1,False
1.0,212.0,264.0,14.85,1,False
5.0,220.0,312.0,23.5,4,True
0.0,0.0,43.0,0.0,1,False
0.0,0.0,164.0,0.0,1,False
0.0,0.0,240.0,0.0,1,False
0.0,0.0,133.0,0.0,3,False
3.0,96.0,128.0,20.9,3,False
4.0,168.0,187.0,13.69,4,False
0.0,0.0,75.0,0.0,1,False
9.0,357.0,361.0,38.71,6,False
2.0,271.0,339.0,19.85,2,False
0.0,0.0,135.0,0.0,1,True
2.0,301.0,319.0,27.4,4,False
1.0,114.0,268.0,33.32,2,False
0.0,0.0,29.0,0.0,1,False
0.0,0.0,168.0,0.0,1,True
0.0,0.0,197.0,0.0,1,False
2.0,166.0,336.0,20.95,3,False
0.0,0.0,10.0,0.0,1,True
0.0,0.0,124.0,0.0,1,False
1.0,43.0,247.0,20.8,2,True
4.0,286.0,311.0,26.9,3,False
0.0,0.0,225.0,0.0,1,False
0.0,0.0,365.0,0.0,1,False
0.0,0.0,329.0,0.0,3,True
0.0,0.0,242.0,0.0,3,False
0.0,0.0,46.0,0.0,1,False
0.0,0.0,87.0,0.0,1,False
2.0,265.0,318.0,35.0,2,True
0.0,0.0,239.0,0.0,1,False
1.0,24.0,249.0,13.2,1,False
0.0,0.0,234.0,0.0,1,False
0.0,0.0,310.0,0.0,1,False
0.0,0.0,294.0,0.0,1,False
0.0,0.0,240.0,0.0,1,False
0.0,0.0,113.0,0.0,1,False
0.0,0.0,276.0,0.0,2,False
4.0,156.0,373.0,16.8,4,False
0.0,0.0,298.0,0.0,1,False
1.0,24.0,227.0,13.52,2,False
0.0,0.0,29.0,0.0,1,True
2.0,197.0,241.0,16.28,2,False
1.0,128.0,283.0,13.2,1,True
1.0,183.0,248.0,35.4,3,False
2.0,127.0,261.0,26.9,3,False
0.0,0.0,358.0,0.0,1,True
6.0,191.0,256.0,36.9,5,False
0.0,0.0,183.0,0.0,1,False
1.0,81.0,169.0,35.4,2,False
0.0,0.0,66.0,0.0,1,True
0.0,0.0,148.0,0.0,1,True
0.0,0.0,168.0,0.0,1,True
1.0,44.0,186.0,29.7,4,False
0.0,0.0,323.0,0.0,1,False
0.0,0.0,64.0,0.0,1,True
1.0,84.0,235.0,14.85,2,False
1.0,72.0,310.0,16.5,2,True
8.0,339.0,365.0,16.71,4,False
1.0,29.0,86.0,3.4,2,False
0.0,0.0,37.0,0.0,3,False
0.0,0.0,66.0,0.0,1,False
6.0,275.0,333.0,29.82,4,False
0.0,0.0,70.0,0.0,1,True
0.0,0.0,43.0,0.0,1,True
0.0,0.0,249.0,0.0,1,False
1.0,75.0,203.0,13.52,1,False
1.0,151.0,331.0,13.52,1,False
3.0,276.0,326.0,34.65,4,True
0.0,0.0,29.0,0.0,1,False
4.0,344.0,366.0,18.4,3,False
0.0,0.0,64.0,0.0,1,True
3.0,114.0,227.0,16.5,1,False
0.0,0.0,290.0,0.0,1,False
0.0,0.0,64.0,0.0,1,True
0.0,0.0,274.0,0.0,1,True
8.0,362.0,365.0,5.29,4,False
1.0,251.0,354.0,55.2,2,False
0.0,0.0,291.0,0.0,1,False
0.0,0.0,85.0,0.0,1,True
0.0,0.0,103.0,0.0,2,True
0.0,0.0,333.0,0.0,1,False
0.0,0.0,52.0,0.0,1,False
1.0,132.0,171.0,10.2,1,True
2.0,17.0,173.0,2.2,2,False
0.0,0.0,53.0,0.0,2,True
0.0,0.0,45.0,0.0,1,False
0.0,0.0,332.0,0.0,1,False
1.0,29.0,187.0,10.15,2,True
2.0,357.0,369.0,15.7,3,False
0.0,0.0,254.0,0.0,2,True
6.0,297.0,368.0,23.34,7,False
2.0,234.0,315.0,60.04,4,True
2.0,218.0,275.0,20.15,3,True
5.0,172.0,358.0,49.57,5,False
2.0,211.0,295.0,16.8,3,False
0.0,0.0,359.0,0.0,2,True
0.0,0.0,40.0,0.0,2,False
1.0,280.0,358.0,35.4,2,True
0.0,0.0,325.0,0.0,1,True
0.0,0.0,289.0,0.0,1,False
1.0,62.0,78.0,56.74,2,True
0.0,0.0,1.0,0.0,1,True
1.0,48.0,196.0,29.5,1,False
0.0,0.0,301.0,0.0,1,False
0.0,0.0,33.0,0.0,2,False
0.0,0.0,264.0,0.0,1,True
2.0,98.0,124.0,9.89,2,True
0.0,0.0,171.0,0.0,1,False
0.0,0.0,313.0,0.0,2,False
1.0,127.0,282.0,17.7,2,False
0.0,0.0,85.0,0.0,3,False
1.0,157.0,215.0,20.8,1,False
3.0,350.0,369.0,17.05,3,True
0.0,0.0,33.0,0.0,2,True
0.0,0.0,15.0,0.0,1,True
0.0,0.0,75.0,0.0,1,True
0.0,0.0,267.0,0.0,3,False
0.0,0.0,22.0,0.0,1,False
2.0,222.0,234.0,2.75,4,False
0.0,0.0,262.0,0.0,1,False
1.0,308.0,320.0,1.7,3,True
1.0,31.0,40.0,29.99,2,False
0.0,0.0,330.0,0.0,2,True
0.0,0.0,312.0,0.0,2,False
0.0,0.0,185.0,0.0,1,True
0.0,0.0,30.0,0.0,1,False
1.0,235.0,264.0,17.7,1,False
3.0,186.0,187.0,4.92,1,True
0.0,0.0,359.0,0.0,1,False
0.0,0.0,262.0,0.0,4,True
0.0,0.0,338.0,0.0,4,True
0.0,0.0,82.0,0.0,1,False
0.0,0.0,85.0,0.0,1,False
0.0,0.0,120.0,0.0,1,True
0.0,0.0,2.0,0.0,1,False
0.0,0.0,113.0,0.0,1,False
1.0,60.0,78.0,53.8,3,True
2.0,56.0,235.0,39.6,2,True
9.0,364.0,366.0,30.7,8,True
0.0,0.0,362.0,0.0,1,False
1.0,23.0,45.0,13.2,2,False
0.0,0.0,171.0,0.0,2,True
2.0,16.0,235.0,8.85,2,False
0.0,0.0,85.0,0.0,1,False
1.0,93.0,199.0,10.2,2,False
3.0,208.0,332.0,21.45,4,True
2.0,106.0,254.0,10.8,2,False
0.0,0.0,87.0,0.0,1,False
0.0,0.0,84.0,0.0,1,False
1.0,15.0,17.0,0.55,2,False
2.0,210.0,354.0,10.33,3,False
7.0,342.0,364.0,12.15,6,True
1.0,77.0,246.0,35.4,1,True
0.0,0.0,30.0,0.0,3,False
2.0,70.0,89.0,14.85,2,False
0.0,0.0,173.0,0.0,1,True
0.0,0.0,163.0,0.0,1,True
0.0,0.0,114.0,0.0,1,False
4.0,253.0,372.0,23.93,3,True
0.0,0.0,371.0,0.0,1,True
6.0,247.0,315.0,16.57,5,True
0.0,0.0,106.0,0.0,1,False
11.0,357.0,369.0,10.58,5,False
1.0,178.0,200.0,19.8,2,False
3.0,321.0,357.0,35.03,3,False
0.0,0.0,33.0,0.0,1,True
1.0,139.0,248.0,11.55,2,False
1.0,54.0,85.0,5.1,2,False
1.0,195.0,372.0,19.8,2,True
0.0,0.0,151.0,0.0,3,False
0.0,0.0,313.0,0.0,1,True
1.0,91.0,366.0,28.37,4,False
1.0,196.0,220.0,20.8,2,True
3.0,139.0,162.0,12.13,2,False
0.0,0.0,176.0,0.0,2,False
0.0,0.0,255.0,0.0,1,True
0.0,0.0,234.0,0.0,1,True
0.0,0.0,214.0,0.0,2,False
0.0,0.0,53.0,0.0,2,True
1.0,178.0,204.0,28.05,3,True
5.0,284.0,295.0,34.9,4,False
0.0,0.0,368.0,0.0,1,False
0.0,0.0,52.0,0.0,1,False
0.0,0.0,297.0,0.0,1,True
0.0,0.0,184.0,0.0,1,False
0.0,0.0,51.0,0.0,2,False
9.0,349.0,359.0,46.32,7,False
2.0,104.0,136.0,13.36,2,False
1.0,164.0,220.0,27.04,3,True
1.0,139.0,225.0,16.5,3,False
0.0,0.0,141.0,0.0,1,True
2.0,90.0,206.0,26.55,1,False
1.0,105.0,235.0,19.8,1,False
5.0,320.0,366.0,31.86,2,False
0.0,0.0,45.0,0.0,3,True
3.0,211.0,274.0,36.41,4,True
9.0,357.0,361.0,22.04,2,False
0.0,0.0,282.0,0.0,1,True
1.0,91.0,282.0,39.6,2,True
2.0,95.0,261.0,8.8,3,False
0.0,0.0,18.0,0.0,1,True
0.0,0.0,246.0,0.0,1,False
0.0,0.0,267.0,0.0,1,True
0.0,0.0,91.0,0.0,1,False
0.0,0.0,243.0,0.0,1,False
0.0,0.0,284.0,0.0,1,False
0.0,0.0,197.0,0.0,1,True
0.0,0.0,204.0,0.0,1,True
1.0,75.0,243.0,73.1,6,False
0.0,0.0,270.0,0.0,1,False
3.0,239.0,327.0,14.88,2,False
3.0,181.0,254.0,58.35,4,True
1.0,74.0,155.0,17.7,2,True
2.0,265.0,283.0,27.9,2,False
0.0,0.0,49.0,0.0,1,True
2.0,357.0,366.0,20.28,2,True
4.0,288.0,311.0,17.8,4,True
0.0,0.0,28.0,0.0,1,True
0.0,0.0,266.0,0.0,1,True
3.0,293.0,326.0,31.47,4,True
0.0,0.0,173.0,0.0,1,True
1.0,42.0,110.0,9.9,3,True
1.0,47.0,187.0,123.94,4,False
0.0,0.0,116.0,0.0,1,False
1.0,51.0,86.0,6.5,2,False
5.0,329.0,369.0,22.04,2,False
0.0,0.0,283.0,0.0,1,True
0.0,0.0,109.0,0.0,1,True
0.0,0.0,366.0,0.0,1,False
3.0,224.0,369.0,42.39,3,True
0.0,0.0,234.0,0.0,2,False
12.0,305.0,337.0,47.06,8,False
0.0,0.0,24.0,0.0,2,False
0.0,0.0,11.0,0.0,1,True
0.0,0.0,15.0,0.0,1,True
6.0,343.0,359.0,42.78,5,True
1.0,114.0,206.0,14.85,2,False
1.0,160.0,372.0,20.8,1,False
2.0,95.0,242.0,26.4,3,True
3.0,269.0,312.0,13.2,1,False
3.0,168.0,184.0,3.48,3,False
0.0,0.0,73.0,0.0,1,False
2.0,160.0,172.0,6.42,3,False
3.0,329.0,366.0,11.53,3,True
5.0,238.0,277.0,20.95,3,False
2.0,284.0,294.0,29.65,4,True
1.0,61.0,213.0,2.08,2,False
1.0,152.0,217.0,19.8,2,False
0.0,0.0,77.0,0.0,2,False
1.0,92.0,276.0,58.05,4,False
0.0,0.0,68.0,0.0,1,False
0.0,0.0,245.0,0.0,1,False
0.0,0.0,133.0,0.0,1,False
0.0,0.0,242.0,0.0,1,True
0.0,0.0,25.0,0.0,1,False
0.0,0.0,10.0,0.0,1,False
2.0,263.0,295.0,24.75,1,True
1.0,68.0,114.0,10.2,4,False
1.0,161.0,204.0,20.8,4,True
0.0,0.0,149.0,0.0,1,True
3.0,301.0,302.0,17.7,1,False
1.0,110.0,185.0,8.85,3,False
1.0,139.0,246.0,10.85,3,False
0.0,0.0,60.0,0.0,1,True
6.0,198.0,198.0,20.28,1,False
5.0,265.0,288.0,37.49,6,False
0.0,0.0,77.0,0.0,1,False
2.0,63.0,369.0,45.38,3,True
2.0,126.0,296.0,16.5,3,True
2.0,192.0,297.0,16.66,2,False
1.0,82.0,189.0,10.2,2,False
1.0,34.0,50.0,13.2,1,True
0.0,0.0,44.0,0.0,1,False
0.0,0.0,210.0,0.0,1,True
5.0,202.0,316.0,17.82,1,True
0.0,0.0,324.0,0.0,2,True
1.0,207.0,277.0,24.75,4,False
1.0,70.0,330.0,19.5,1,True
0.0,0.0,50.0,0.0,1,False
2.0,115.0,148.0,21.77,3,False
1.0,114.0,172.0,19.8,3,False
0.0,0.0,303.0,0.0,1,False
4.0,320.0,337.0,30.7,4,True
0.0,0.0,38.0,0.0,1,True
0.0,0.0,168.0,0.0,1,False
4.0,357.0,361.0,9.49,3,True
2.0,104.0,240.0,27.23,1,True
1.0,100.0,203.0,13.52,2,False
3.0,328.0,368.0,12.53,2,False
4.0,255.0,267.0,47.47,6,False
2.0,365.0,373.0,5.43,3,True
5.0,328.0,333.0,16.51,2,False
0.0,0.0,32.0,0.0,2,False
0.0,0.0,14.0,0.0,1,False
0.0,0.0,369.0,0.0,3,False
0.0,0.0,312.0,0.0,1,True
0.0,0.0,80.0,0.0,1,False
0.0,0.0,369.0,0.0,1,False
0.0,0.0,226.0,0.0,1,False
0.0,0.0,369.0,0.0,2,True
1.0,263.0,264.0,18.72,1,False
0.0,0.0,77.0,0.0,1,False
0.0,0.0,219.0,0.0,1,False
2.0,207.0,210.0,6.52,3,True
2.0,217.0,316.0,3.4,1,True
0.0,0.0,16.0,0.0,1,False
0.0,0.0,247.0,0.0,1,False
0.0,0.0,271.0,0.0,1,False
1.0,349.0,368.0,10.05,2,False
0.0,0.0,67.0,0.0,2,False
2.0,75.0,289.0,26.4,2,False
2.0,65.0,86.0,37.22,5,False
0.0,0.0,201.0,0.0,1,False
3.0,140.0,274.0,10.2,1,False
2.0,328.0,359.0,40.93,5,False
1.0,277.0,285.0,13.52,2,True
3.0,192.0,225.0,9.54,3,True
5.0,354.0,369.0,16.22,1,False
4.0,219.0,243.0,45.95,7,False
0.0,0.0,31.0,0.0,2,True
0.0,0.0,19.0,0.0,1,True
2.0,350.0,367.0,21.51,3,False
0.0,0.0,318.0,0.0,1,False
0.0,0.0,303.0,0.0,1,False
0.0,0.0,88.0,0.0,1,False
2.0,78.0,211.0,30.18,2,False
0.0,0.0,84.0,0.0,2,False
1.0,55.0,220.0,4.95,2,True
0.0,0.0,77.0,0.0,2,True
3.0,230.0,254.0,13.2,1,False
1.0,338.0,360.0,13.52,1,True
3.0,228.0,338.0,14.89,3,True
0.0,0.0,30.0,0.0,1,False
0.0,0.0,148.0,0.0,3,False
1.0,243.0,287.0,16.5,2,True
0.0,0.0,3.0,0.0,1,True
4.0,36.0,44.0,19.24,4,True
0.0,0.0,88.0,0.0,1,False
3.0,275.0,362.0,18.1,4,True
0.0,0.0,134.0,0.0,1,False
1.0,170.0,182.0,4.6,3,False
3.0,168.0,215.0,22.37,5,True
2.0,181.0,204.0,29.05,3,False
0.0,0.0,159.0,0.0,1,False
2.0,117.0,362.0,27.38,2,False
1.0,120.0,155.0,8.85,2,False
1.0,139.0,291.0,6.6,3,True
2.0,46.0,49.0,13.2,3,True
4.0,363.0,366.0,12.95,5,False
0.0,0.0,180.0,0.0,1,False
3.0,160.0,296.0,30.91,2,False
0.0,0.0,16.0,0.0,1,True
0.0,0.0,260.0,0.0,1,True
2.0,220.0,266.0,14.07,4,False
0.0,0.0,12.0,0.0,1,False
0.0,0.0,29.0,0.0,1,False
0.0,0.0,309.0,0.0,1,True
1.0,155.0,247.0,3.4,2,True
11.0,293.0,326.0,26.6,5,False
0.0,0.0,208.0,0.0,1,False
1.0,89.0,358.0,35.4,2,False
0.0,0.0,201.0,0.0,1,False
1.0,83.0,148.0,17.7,5,False
0.0,0.0,317.0,0.0,1,False
1.0,171.0,290.0,14.85,1,True
2.0,35.0,75.0,6.45,6,False
0.0,0.0,122.0,0.0,3,False
0.0,0.0,145.0,0.0,1,False
0.0,0.0,220.0,0.0,1,False
3.0,268.0,284.0,23.68,3,True
3.0,256.0,327.0,18.08,3,False
1.0,124.0,133.0,19.8,2,False
0.0,0.0,365.0,0.0,3,False
0.0,0.0,22.0,0.0,1,True
0.0,0.0,44.0,0.0,2,False
2.0,186.0,208.0,12.85,3,False
0.0,0.0,274.0,0.0,1,True
3.0,310.0,366.0,45.97,4,True
1.0,56.0,79.0,14.75,1,False
2.0,308.0,367.0,36.65,2,False
1.0,44.0,198.0,19.8,1,True
0.0,0.0,197.0,0.0,1,False
1.0,190.0,219.0,26.72,3,False
0.0,0.0,225.0,0.0,1,True
0.0,0.0,70.0,0.0,4,True
0.0,0.0,186.0,0.0,1,True
0.0,0.0,140.0,0.0,1,True
0.0,0.0,84.0,0.0,1,False
1.0,266.0,311.0,1.1,2,True
0.0,0.0,183.0,0.0,1,False
0.0,0.0,170.0,0.0,1,True
7.0,283.0,292.0,13.98,5,False
0.0,0.0,211.0,0.0,1,False
0.0,0.0,189.0,0.0,2,False
1.0,158.0,215.0,59.3,5,False
0.0,0.0,367.0,0.0,2,True
0.0,0.0,39.0,0.0,1,True
1.0,32.0,239.0,13.2,1,False
0.0,0.0,245.0,0.0,1,False
1.0,218.0,277.0,27.04,1,True
0.0,0.0,112.0,0.0,1,False
0.0,0.0,88.0,0.0,1,True
0.0,0.0,249.0,0.0,1,False
5.0,366.0,369.0,21.78,3,True
8.0,281.0,289.0,31.54,5,True
1.0,29.0,232.0,27.04,2,True
0.0,0.0,133.0,0.0,2,False
4.0,330.0,372.0,33.73,4,True
4.0,305.0,354.0,49.09,4,True
3.0,225.0,310.0,36.63,2,False
1.0,49.0,72.0,19.8,2,False
9.0,228.0,368.0,19.71,4,True
1.0,67.0,75.0,20.8,2,True
3.0,146.0,241.0,37.06,3,False
2.0,29.0,44.0,25.25,3,True
1.0,25.0,151.0,39.6,3,False
2.0,146.0,240.0,26.55,1,False
1.0,125.0,252.0,66.0,3,False
0.0,0.0,73.0,0.0,1,False
0.0,0.0,64.0,0.0,1,True
5.0,138.0,241.0,18.09,2,True
8.0,253.0,284.0,29.57,5,False
1.0,16.0,242.0,30.02,3,False
0.0,0.0,40.0,0.0,2,True
1.0,160.0,164.0,27.59,5,False
3.0,106.0,109.0,46.96,4,True
0.0,0.0,360.0,0.0,1,False
2.0,142.0,179.0,13.12,4,False
1.0,84.0,208.0,5.9,1,False
1.0,245.0,289.0,9.9,2,True
1.0,49.0,358.0,17.7,2,True
0.0,0.0,88.0,0.0,1,False
0.0,0.0,283.0,0.0,2,True
0.0,0.0,269.0,0.0,2,False
0.0,0.0,267.0,0.0,2,False
0.0,0.0,282.0,0.0,1,False
3.0,344.0,373.0,34.43,4,False
1.0,92.0,367.0,5.9,1,False
0.0,0.0,318.0,0.0,4,False
1.0,128.0,277.0,0.55,4,False
0.0,0.0,87.0,0.0,1,True
1.0,31.0,220.0,51.9,2,False
2.0,172.0,215.0,29.13,3,False
2.0,292.0,332.0,13.52,2,False
1.0,53.0,77.0,35.65,3,False
9.0,330.0,339.0,14.65,7,False
6.0,269.0,277.0,56.22,6,False
0.0,0.0,54.0,0.0,2,True
2.0,233.0,256.0,13.52,2,False
1.0,187.0,239.0,17.7,3,False
0.0,0.0,255.0,0.0,1,False
5.0,270.0,365.0,16.85,3,True
0.0,0.0,266.0,0.0,3,False
1.0,91.0,136.0,20.8,1,True
3.0,229.0,246.0,7.81,3,False
5.0,285.0,294.0,18.36,2,False
0.0,0.0,73.0,0.0,1,False
0.0,0.0,71.0,0.0,4,False
2.0,343.0,358.0,47.15,3,False
0.0,0.0,116.0,0.0,1,False
0.0,0.0,100.0,0.0,1,True
2.0,155.0,176.0,28.87,3,False
0.0,0.0,72.0,0.0,2,False
0.0,0.0,339.0,0.0,1,False
3.0,140.0,208.0,18.13,1,True
2.0,178.0,269.0,25.51,3,True
0.0,0.0,64.0,0.0,1,False
0.0,0.0,268.0,0.0,1,False
0.0,0.0,22.0,0.0,1,True
1.0,308.0,333.0,66.0,2,False
0.0,0.0,106.0,0.0,1,True
0.0,0.0,49.0,0.0,1,False
0.0,0.0,330.0,0.0,1,True
4.0,294.0,358.0,52.77,4,True
1.0,136.0,297.0,14.85,1,False
1.0,49.0,177.0,11.8,1,True
1.0,199.0,245.0,13.52,1,False
3.0,181.0,214.0,4.95,2,False
4.0,289.0,369.0,39.59,3,True
0.0,0.0,130.0,0.0,1,False
0.0,0.0,107.0,0.0,1,True
1.0,116.0,201.0,33.0,3,False
0.0,0.0,44.0,0.0,1,True
1.0,112.0,240.0,1.7,1,False
1.0,269.0,333.0,20.8,2,False
2.0,128.0,270.0,21.45,2,True
0.0,0.0,73.0,0.0,1,False
1.0,51.0,213.0,39.6,1,False
0.0,0.0,79.0,0.0,1,True
0.0,0.0,274.0,0.0,1,False
5.0,84.0,88.0,23.63,5,False
1.0,62.0,71.0,5.1,2,True
0.0,0.0,137.0,0.0,1,False
0.0,0.0,18.0,0.0,1,False
0.0,0.0,37.0,0.0,4,False
0.0,0.0,28.0,0.0,1,False
1.0,116.0,196.0,13.2,2,False
3.0,143.0,225.0,26.0,4,False
1.0,196.0,262.0,14.07,3,False
0.0,0.0,17.0,0.0,2,False
0.0,0.0,78.0,0.0,1,False
1.0,194.0,268.0,17.7,2,False
0.0,0.0,158.0,0.0,1,False
0.0,0.0,28.0,0.0,3,False
0.0,0.0,269.0,0.0,3,False
9.0,351.0,362.0,9.73,2,False
1.0,18.0,78.0,8.25,3,False
1.0,99.0,253.0,19.8,3,False
1.0,216.0,235.0,5.9,3,False
6.0,239.0,253.0,35.75,2,True
0.0,0.0,264.0,0.0,1,False
0.0,0.0,312.0,0.0,1,False
0.0,0.0,70.0,0.0,1,True
0.0,0.0,18.0,0.0,2,False
6.0,300.0,312.0,11.48,3,False
3.0,230.0,317.0,19.1,3,False
0.0,0.0,369.0,0.0,1,False
0.0,0.0,53.0,0.0,3,True
2.0,30.0,56.0,16.5,3,False
3.0,163.0,275.0,17.95,2,False
0.0,0.0,302.0,0.0,1,True
4.0,90.0,92.0,11.66,3,True
0.0,0.0,263.0,0.0,1,True
1.0,84.0,297.0,27.04,2,False
2.0,203.0,299.0,19.8,2,False
1.0,21.0,26.0,2.95,1,False
4.0,207.0,214.0,32.49,4,False
0.0,0.0,227.0,0.0,4,False
3.0,218.0,264.0,32.95,5,False
0.0,0.0,33.0,0.0,1,False
0.0,0.0,198.0,0.0,1,False
0.0,0.0,280.0,0.0,1,False
2.0,270.0,373.0,12.38,4,False
0.0,0.0,218.0,0.0,2,False
15.0,358.0,360.0,35.88,3,False
1.0,9.0,81.0,4.95,2,False
2.0,123.0,142.0,1.65,3,True
6.0,259.0,292.0,29.28,2,True
1.0,64.0,87.0,5.15,4,False
0.0,0.0,358.0,0.0,1,True
3.0,95.0,145.0,5.93,4,True
1.0,111.0,273.0,37.5,2,False
4.0,289.0,352.0,63.33,5,True
0.0,0.0,10.0,0.0,1,False
0.0,0.0,75.0,0.0,1,False
0.0,0.0,173.0,0.0,2,False
0.0,0.0,77.0,0.0,2,True
1.0,112.0,285.0,13.2,1,False
0.0,0.0,296.0,0.0,1,False
0.0,0.0,316.0,0.0,1,False
0.0,0.0,203.0,0.0,1,False
0.0,0.0,364.0,0.0,1,False
1.0,254.0,360.0,16.5,1,False
0.0,0.0,25.0,0.0,1,False
0.0,0.0,296.0,0.0,2,False
0.0,0.0,19.0,0.0,1,False
2.0,194.0,246.0,20.28,1,False
0.0,0.0,277.0,0.0,1,False
2.0,179.0,365.0,21.59,4,True
4.0,188.0,267.0,28.88,3,True
3.0,228.0,366.0,27.55,2,True
0.0,0.0,81.0,0.0,1,False
0.0,0.0,190.0,0.0,1,True
1.0,14.0,68.0,8.85,1,False
0.0,0.0,290.0,0.0,1,True
7.0,324.0,334.0,19.42,7,True
4.0,260.0,368.0,31.73,3,False
0.0,0.0,373.0,0.0,2,True
1.0,180.0,222.0,13.52,2,False
6.0,294.0,360.0,33.71,5,False
11.0,288.0,366.0,37.28,4,False
0.0,0.0,127.0,0.0,1,False
2.0,255.0,281.0,22.28,1,True
1.0,124.0,275.0,65.1,2,True
1.0,206.0,290.0,14.85,2,True
0.0,0.0,232.0,0.0,1,False
1.0,55.0,161.0,17.7,1,False
4.0,257.0,287.0,34.27,3,True
0.0,0.0,61.0,0.0,2,True
0.0,0.0,74.0,0.0,1,False
0.0,0.0,36.0,0.0,1,False
6.0,237.0,252.0,41.13,4,False
0.0,0.0,219.0,0.0,1,True
3.0,279.0,311.0,31.57,2,True
0.0,0.0,70.0,0.0,1,True
0.0,0.0,157.0,0.0,1,False
0.0,0.0,31.0,0.0,1,False
0.0,0.0,260.0,0.0,1,False
0.0,0.0,245.0,0.0,1,True
0.0,0.0,197.0,0.0,3,False
0.0,0.0,274.0,0.0,3,True
1.0,57.0,184.0,20.8,4,False
2.0,106.0,135.0,24.75,3,True
0.0,0.0,96.0,0.0,1,False
1.0,54.0,234.0,24.75,1,False
2.0,204.0,235.0,35.4,1,True
0.0,0.0,245.0,0.0,1,True
0.0,0.0,177.0,0.0,1,False
0.0,0.0,71.0,0.0,4,False
1.0,56.0,131.0,5.5,2,True
1.0,106.0,254.0,0.55,1,False
0.0,0.0,68.0,0.0,1,False
1.0,55.0,78.0,3.3,3,False
4.0,252.0,282.0,38.39,6,True
0.0,0.0,54.0,0.0,1,True
0.0,0.0,337.0,0.0,1,False
1.0,52.0,197.0,19.8,1,False
0.0,0.0,187.0,0.0,1,False
1.0,50.0,355.0,3.3,2,True
0.0,0.0,271.0,0.0,2,True
12.0,358.0,366.0,32.83,6,False
0.0,0.0,39.0,0.0,1,False
0.0,0.0,114.0,0.0,2,False
0.0,0.0,281.0,0.0,2,False
4.0,286.0,360.0,9.14,5,True
3.0,181.0,276.0,9.9,4,False
4.0,336.0,354.0,13.63,5,True
0.0,0.0,317.0,0.0,3,True
3.0,271.0,366.0,28.4,3,False
4.0,354.0,368.0,14.75,1,False
6.0,315.0,366.0,28.22,3,True
0.0,0.0,308.0,0.0,1,False
1.0,335.0,361.0,5.9,2,False
0.0,0.0,364.0,0.0,1,False
16.0,188.0,241.0,39.54,6,False
1.0,182.0,234.0,24.75,2,True
2.0,236.0,334.0,49.05,4,False
1.0,119.0,274.0,6.6,1,False
3.0,162.0,173.0,7.49,4,False
10.0,225.0,311.0,17.3,6,False
7.0,217.0,292.0,31.36,4,False
0.0,0.0,67.0,0.0,1,False
2.0,317.0,334.0,45.55,3,False
2.0,201.0,315.0,50.08,5,True
0.0,0.0,214.0,0.0,1,False
0.0,0.0,65.0,0.0,1,True
1.0,125.0,144.0,21.77,3,True
0.0,0.0,198.0,0.0,1,True
12.0,140.0,143.0,12.21,5,False
0.0,0.0,273.0,0.0,1,False
3.0,189.0,219.0,33.0,2,False
0.0,0.0,103.0,0.0,1,False
0.0,0.0,260.0,0.0,2,True
3.0,301.0,358.0,10.82,1,True
3.0,263.0,338.0,19.03,2,False
0.0,0.0,57.0,0.0,1,False
2.0,62.0,178.0,29.7,1,True
5.0,148.0,205.0,16.18,2,False
0.0,0.0,60.0,0.0,1,False
1.0,177.0,257.0,3.3,3,True
12.0,334.0,336.0,20.0,3,True
1.0,159.0,259.0,5.9,2,True
9.0,348.0,365.0,26.96,5,True
1.0,131.0,254.0,16.4,4,False
1.0,34.0,37.0,16.5,2,False
4.0,303.0,332.0,17.32,6,False
0.0,0.0,282.0,0.0,1,True
7.0,179.0,180.0,14.38,3,False
0.0,0.0,273.0,0.0,1,True
0.0,0.0,65.0,0.0,1,True
0.0,0.0,23.0,0.0,1,True
1.0,187.0,360.0,29.7,1,True
1.0,19.0,239.0,20.28,1,False
2.0,128.0,270.0,20.6,3,False
4.0,239.0,262.0,10.7,4,False
0.0,0.0,192.0,0.0,1,False
0.0,0.0,17.0,0.0,1,False
8.0,154.0,204.0,13.12,5,False
10.0,355.0,369.0,17.97,4,False
0.0,0.0,313.0,0.0,1,False
0.0,0.0,71.0,0.0,1,False
0.0,0.0,227.0,0.0,2,False
0.0,0.0,15.0,0.0,1,False
0.0,0.0,51.0,0.0,2,True
0.0,0.0,38.0,0.0,2,True
1.0,333.0,334.0,16.5,3,True
0.0,0.0,227.0,0.0,2,True
0.0,0.0,128.0,0.0,1,False
3.0,88.0,245.0,33.0,2,False
0.0,0.0,288.0,0.0,1,False
8.0,227.0,336.0,18.74,4,False
2.0,202.0,302.0,42.34,3,True
2.0,193.0,327.0,39.6,2,True
0.0,0.0,186.0,0.0,1,False
0.0,0.0,23.0,0.0,1,False
1.0,335.0,366.0,17.7,1,False
0.0,0.0,161.0,0.0,1,False
3.0,153.0,175.0,14.33,4,False
1.0,15.0,270.0,28.05,3,True
5.0,360.0,364.0,25.61,4,False
2.0,272.0,339.0,26.25,4,True
1.0,27.0,126.0,18.7,1,False
0.0,0.0,239.0,0.0,1,False
0.0,0.0,371.0,0.0,1,False
0.0,0.0,37.0,0.0,1,False
0.0,0.0,15.0,0.0,1,False
0.0,0.0,35.0,0.0,1,True
2.0,142.0,336.0,38.92,5,True
3.0,370.0,371.0,11.87,3,True
1.0,14.0,15.0,17.7,1,False
0.0,0.0,366.0,0.0,2,False
0.0,0.0,64.0,0.0,4,True
0.0,0.0,313.0,0.0,1,False
1.0,151.0,177.0,1.7,3,False
3.0,341.0,360.0,23.82,3,True
1.0,44.0,63.0,16.5,2,False
0.0,0.0,29.0,0.0,2,True
10.0,363.0,367.0,6.5,6,False
2.0,255.0,260.0,20.28,1,False
2.0,167.0,248.0,11.49,4,False
0.0,0.0,290.0,0.0,1,False
6.0,87.0,91.0,2.26,4,False
0.0,0.0,207.0,0.0,1,False
0.0,0.0,36.0,0.0,1,False
0.0,0.0,283.0,0.0,1,False
3.0,254.0,317.0,25.08,4,False
1.0,142.0,368.0,1.1,2,False
9.0,336.0,362.0,21.24,6,False
1.0,63.0,84.0,18.45,2,True
0.0,0.0,276.0,0.0,1,True
2.0,133.0,155.0,37.3,3,False
0.0,0.0,68.0,0.0,1,True
13.0,364.0,369.0,15.45,6,False
0.0,0.0,53.0,0.0,4,False
0.0,0.0,54.0,0.0,1,False
0.0,0.0,25.0,0.0,3,True
1.0,128.0,308.0,57.0,5,True
2.0,237.0,289.0,59.17,7,False
7.0,215.0,227.0,9.5,6,False
8.0,284.0,305.0,22.04,4,False
0.0,0.0,235.0,0.0,1,True
1.0,214.0,254.0,13.52,2,False
0.0,0.0,56.0,0.0,1,True
0.0,0.0,304.0,0.0,1,True
0.0,0.0,30.0,0.0,1,False
0.0,0.0,270.0,0.0,2,True
0.0,0.0,239.0,0.0,1,True
2.0,214.0,252.0,4.95,3,False
0.0,0.0,191.0,0.0,1,False
0.0,0.0,38.0,0.0,1,False
0.0,0.0,77.0,0.0,1,False
0.0,0.0,17.0,0.0,1,True
1.0,36.0,291.0,13.2,1,False
1.0,42.0,130.0,9.9,3,False
3.0,225.0,313.0,35.41,2,False
1.0,26.0,205.0,5.9,2,True
0.0,0.0,5.0,0.0,1,False
4.0,274.0,284.0,20.84,6,False
2.0,323.0,353.0,33.32,2,True
0.0,0.0,288.0,0.0,1,False
0.0,0.0,74.0,0.0,1,False
2.0,319.0,319.0,29.9,1,True
0.0,0.0,30.0,0.0,1,False
0.0,0.0,8.0,0.0,1,False
1.0,114.0,185.0,40.24,2,False
1.0,127.0,367.0,20.4,1,False
2.0,319.0,330.0,10.7,4,True
0.0,0.0,31.0,0.0,2,False
2.0,239.0,317.0,10.8,2,False
0.0,0.0,63.0,0.0,1,False
1.0,143.0,154.0,16.5,3,True
1.0,66.0,311.0,33.32,2,False
0.0,0.0,87.0,0.0,3,False
0.0,0.0,137.0,0.0,1,False
0.0,0.0,108.0,0.0,4,False
3.0,126.0,247.0,26.4,1,False
0.0,0.0,113.0,0.0,1,False
0.0,0.0,157.0,0.0,1,False
0.0,0.0,205.0,0.0,3,True
0.0,0.0,331.0,0.0,2,True
5.0,222.0,275.0,25.94,5,True
5.0,203.0,299.0,41.25,3,False
0.0,0.0,194.0,0.0,3,True
0.0,0.0,28.0,0.0,2,False
0.0,0.0,130.0,0.0,1,True
1.0,40.0,239.0,27.04,2,False
4.0,340.0,369.0,33.6,8,False
0.0,0.0,232.0,0.0,1,True
0.0,0.0,358.0,0.0,1,False
3.0,268.0,289.0,42.5,5,False
2.0,269.0,327.0,14.85,1,True
11.0,356.0,368.0,29.2,5,True
3.0,326.0,354.0,16.5,2,False
0.0,0.0,114.0,0.0,1,True
4.0,175.0,309.0,15.62,3,False
2.0,57.0,109.0,27.23,1,False
2.0,64.0,317.0,6.11,2,True
0.0,0.0,36.0,0.0,1,False
0.0,0.0,25.0,0.0,1,False
1.0,285.0,318.0,19.8,3,False
0.0,0.0,109.0,0.0,1,True
0.0,0.0,35.0,0.0,1,False
2.0,239.0,362.0,14.75,2,False
1.0,42.0,49.0,14.85,1,True
3.0,225.0,253.0,40.71,6,False
4.0,322.0,324.0,55.45,4,False
0.0,0.0,22.0,0.0,3,False
0.0,0.0,261.0,0.0,1,False
0.0,0.0,18.0,0.0,1,True
1.0,127.0,178.0,20.4,1,True
0.0,0.0,306.0,0.0,1,False
3.0,245.0,278.0,36.27,6,False
1.0,188.0,232.0,14.85,2,True
0.0,0.0,249.0,0.0,1,False
1.0,51.0,233.0,89.85,5,True
0.0,0.0,317.0,0.0,2,False
0.0,0.0,3.0,0.0,1,False
0.0,0.0,233.0,0.0,2,True
0.0,0.0,119.0,0.0,1,True
0.0,0.0,185.0,0.0,1,False
2.0,210.0,362.0,29.3,3,True
0.0,0.0,334.0,0.0,1,True
2.0,70.0,75.0,6.75,3,False
0.0,0.0,264.0,0.0,1,False
0.0,0.0,275.0,0.0,1,False
7.0,273.0,288.0,39.89,7,False
0.0,0.0,247.0,0.0,1,True
0.0,0.0,1.0,0.0,1,False
0.0,0.0,358.0,0.0,1,False
0.0,0.0,311.0,0.0,1,True
0.0,0.0,51.0,0.0,1,False
0.0,0.0,24.0,0.0,1,True
0.0,0.0,177.0,0.0,1,False
1.0,328.0,360.0,27.04,2,True
2.0,150.0,171.0,25.95,5,True
5.0,210.0,241.0,47.26,4,False
2.0,146.0,277.0,14.19,2,True
3.0,241.0,273.0,28.05,2,True
1.0,126.0,183.0,37.5,2,False
1.0,15.0,131.0,35.4,1,False
0.0,0.0,217.0,0.0,1,False
1.0,155.0,296.0,19.8,1,False
0.0,0.0,201.0,0.0,1,False
0.0,0.0,361.0,0.0,1,True
1.0,75.0,316.0,1.1,1,False
0.0,0.0,54.0,0.0,1,False
0.0,0.0,164.0,0.0,1,False
1.0,253.0,359.0,19.8,2,False
0.0,0.0,58.0,0.0,1,True
3.0,340.0,368.0,30.87,2,False
0.0,0.0,371.0,0.0,1,False
1.0,25.0,60.0,1.7,2,True
1.0,22.0,263.0,19.8,3,False
4.0,322.0,369.0,18.9,3,False
3.0,222.0,366.0,17.7,1,False
0.0,0.0,249.0,0.0,1,False
1.0,297.0,368.0,1.65,2,False
4.0,266.0,312.0,9.8,5,False
0.0,0.0,65.0,0.0,2,False
0.0,0.0,368.0,0.0,1,False
4.0,309.0,372.0,6.74,4,False
1.0,46.0,142.0,24.1,2,False
1.0,5.0,359.0,39.0,1,True
4.0,337.0,361.0,17.68,2,True
2.0,120.0,362.0,15.46,2,True
4.0,191.0,275.0,5.79,3,False
1.0,72.0,180.0,16.5,2,True
6.0,273.0,302.0,21.49,2,True
0.0,0.0,15.0,0.0,1,True
0.0,0.0,120.0,0.0,1,False
0.0,0.0,261.0,0.0,2,True
0.0,0.0,186.0,0.0,1,True
0.0,0.0,18.0,0.0,1,False
1.0,11.0,15.0,3.35,3,False
0.0,0.0,40.0,0.0,1,True
0.0,0.0,312.0,0.0,1,False
1.0,220.0,368.0,4.95,2,False
0.0,0.0,227.0,0.0,1,False
0.0,0.0,208.0,0.0,1,True
1.0,42.0,180.0,2.08,2,False
1.0,144.0,147.0,1.7,2,False
0.0,0.0,127.0,0.0,1,False
2.0,216.0,262.0,15.3,1,False
0.0,0.0,322.0,0.0,1,True
0.0,0.0,241.0,0.0,1,False
0.0,0.0,299.0,0.0,2,True
2.0,216.0,336.0,6.88,3,False
5.0,346.0,372.0,14.87,1,False
2.0,149.0,180.0,16.23,2,True
1.0,303.0,361.0,27.04,1,False
0.0,0.0,101.0,0.0,1,False
0.0,0.0,89.0,0.0,1,True
0.0,0.0,21.0,0.0,1,False
1.0,273.0,305.0,13.2,2,False
0.0,0.0,361.0,0.0,3,False
1.0,253.0,311.0,13.52,2,True
17.0,356.0,357.0,18.65,7,False
0.0,0.0,100.0,0.0,1,False
3.0,196.0,215.0,5.05,3,True
0.0,0.0,280.0,0.0,1,False
2.0,99.0,310.0,3.4,4,True
7.0,344.0,361.0,21.93,3,False
1.0,246.0,366.0,39.6,2,False
0.0,0.0,366.0,0.0,2,False
0.0,0.0,46.0,0.0,2,False
0.0,0.0,15.0,0.0,1,False
11.0,356.0,359.0,19.91,7,False
1.0,21.0,35.0,13.52,2,False
0.0,0.0,45.0,0.0,1,False
1.0,52.0,355.0,5.9,1,False
0.0,0.0,184.0,0.0,3,False
0.0,0.0,309.0,0.0,1,True
3.0,324.0,331.0,31.35,2,False
3.0,320.0,332.0,13.75,2,False
0.0,0.0,17.0,0.0,1,False
3.0,196.0,362.0,31.53,3,True
0.0,0.0,218.0,0.0,1,False
1.0,162.0,361.0,10.58,2,False
14.0,342.0,365.0,16.9,5,False
0.0,0.0,11.0,0.0,2,False
0.0,0.0,19.0,0.0,1,False
0.0,0.0,99.0,0.0,1,False
1.0,20.0,205.0,17.9,1,True
1.0,52.0,358.0,29.7,2,False
0.0,0.0,22.0,0.0,1,True
0.0,0.0,255.0,0.0,1,False
0.0,0.0,254.0,0.0,1,True
0.0,0.0,36.0,0.0,1,True
0.0,0.0,72.0,0.0,1,False
0.0,0.0,333.0,0.0,4,False
2.0,199.0,215.0,19.8,2,False
0.0,0.0,261.0,0.0,1,False
2.0,301.0,303.0,16.5,1,False
2.0,172.0,281.0,35.15,3,False
0.0,0.0,42.0,0.0,2,False
6.0,303.0,367.0,20.64,5,False
1.0,127.0,220.0,27.04,1,False
0.0,0.0,217.0,0.0,1,False
0.0,0.0,60.0,0.0,1,True
2.0,191.0,282.0,28.05,2,False
1.0,77.0,332.0,49.2,3,True
0.0,0.0,32.0,0.0,1,True
0.0,0.0,313.0,0.0,2,False
1.0,169.0,290.0,13.52,3,False
0.0,0.0,176.0,0.0,1,False
0.0,0.0,71.0,0.0,1,True
1.0,25.0,81.0,31.35,2,False
0.0,0.0,64.0,0.0,1,False
2.0,126.0,359.0,26.8,7,False
0.0,0.0,60.0,0.0,3,False
3.0,224.0,318.0,29.5,1,False
0.0,0.0,22.0,0.0,1,False
0.0,0.0,284.0,0.0,2,True
2.0,264.0,313.0,14.27,4,False
0.0,0.0,78.0,0.0,1,False
3.0,141.0,157.0,38.47,4,False
2.0,204.0,248.0,33.0,3,False
2.0,108.0,299.0,4.98,3,True
1.0,49.0,183.0,39.6,2,True
0.0,0.0,176.0,0.0,1,False
1.0,224.0,260.0,14.85,1,False
0.0,0.0,7.0,0.0,1,False
0.0,0.0,358.0,0.0,1,True
0.0,0.0,75.0,0.0,1,False
0.0,0.0,322.0,0.0,1,False
0.0,0.0,309.0,0.0,2,True
0.0,0.0,63.0,0.0,1,False
0.0,0.0,93.0,0.0,1,True
0.0,0.0,301.0,0.0,1,False
0.0,0.0,128.0,0.0,2,True
3.0,270.0,285.0,12.37,6,False
5.0,351.0,368.0,21.12,2,False
0.0,0.0,53.0,0.0,1,True
1.0,134.0,199.0,13.52,1,False
0.0,0.0,71.0,0.0,1,False
0.0,0.0,43.0,0.0,1,False
0.0,0.0,190.0,0.0,2,False
0.0,0.0,43.0,0.0,3,False
0.0,0.0,243.0,0.0,2,True
0.0,0.0,359.0,0.0,1,False
0.0,0.0,71.0,0.0,2,False
1.0,315.0,334.0,4.16,2,True
1.0,12.0,121.0,16.5,2,True
1.0,17.0,25.0,26.6,3,False
3.0,139.0,372.0,34.31,5,True
0.0,0.0,298.0,0.0,1,True
1.0,64.0,93.0,13.52,1,False
6.0,357.0,365.0,18.1,4,False
0.0,0.0,312.0,0.0,2,True
8.0,372.0,372.0,44.3,7,True
2.0,229.0,338.0,13.2,3,False
3.0,180.0,240.0,22.12,4,False
1.0,15.0,17.0,37.12,2,True
0.0,0.0,367.0,0.0,1,True
1.0,163.0,166.0,16.5,2,True
1.0,169.0,254.0,53.8,3,False
2.0,232.0,368.0,17.33,2,False
5.0,322.0,324.0,13.8,4,True
3.0,287.0,327.0,12.17,4,False
5.0,248.0,320.0,9.58,4,True
1.0,202.0,297.0,16.5,3,False
10.0,283.0,305.0,32.21,3,False
0.0,0.0,57.0,0.0,1,True
0.0,0.0,362.0,0.0,2,True
0.0,0.0,312.0,0.0,3,True
0.0,0.0,32.0,0.0,1,False
1.0,204.0,218.0,19.8,1,False
2.0,206.0,257.0,13.15,3,False
0.0,0.0,81.0,0.0,2,False
2.0,130.0,250.0,12.45,2,True
0.0,0.0,31.0,0.0,1,False
4.0,290.0,337.0,6.63,3,False
0.0,0.0,19.0,0.0,1,False
0.0,0.0,115.0,0.0,1,False
1.0,57.0,176.0,20.8,2,False
5.0,259.0,260.0,34.92,3,True
0.0,0.0,281.0,0.0,1,True
1.0,189.0,249.0,14.85,1,False
0.0,0.0,138.0,0.0,5,False
0.0,0.0,21.0,0.0,1,False
5.0,166.0,177.0,40.79,6,False
10.0,256.0,281.0,56.82,7,False
0.0,0.0,38.0,0.0,1,False
2.0,200.0,210.0,20.28,2,False
0.0,0.0,211.0,0.0,1,False
2.0,182.0,199.0,19.25,3,False
4.0,250.0,287.0,22.37,2,False
1.0,194.0,212.0,19.8,2,False
3.0,232.0,298.0,34.0,4,False
0.0,0.0,38.0,0.0,1,False
2.0,85.0,170.0,16.5,2,False
1.0,259.0,309.0,13.2,1,False
21.0,330.0,338.0,41.43,6,False
3.0,308.0,366.0,27.9,3,True
8.0,317.0,318.0,11.53,2,True
0.0,0.0,263.0,0.0,1,False
5.0,358.0,368.0,89.36,5,False
4.0,356.0,372.0,21.53,2,False
4.0,295.0,302.0,64.15,7,False
3.0,281.0,326.0,18.36,3,False
0.0,0.0,108.0,0.0,1,True
3.0,265.0,281.0,20.12,3,False
0.0,0.0,252.0,0.0,2,True
1.0,78.0,108.0,33.0,2,False
2.0,103.0,138.0,15.3,1,False
3.0,298.0,301.0,39.93,3,False
6.0,285.0,289.0,34.98,5,False
2.0,238.0,267.0,25.25,4,False
6.0,218.0,255.0,14.85,1,False
1.0,87.0,113.0,27.04,1,True
0.0,0.0,15.0,0.0,1,True
2.0,83.0,86.0,36.8,5,True
2.0,104.0,183.0,23.42,2,False
0.0,0.0,372.0,0.0,3,True
0.0,0.0,136.0,0.0,1,False
17.0,365.0,367.0,48.57,5,False
2.0,263.0,282.0,41.53,5,True
1.0,219.0,332.0,27.04,1,False
0.0,0.0,250.0,0.0,1,False
0.0,0.0,256.0,0.0,2,True
22.0,371.0,372.0,14.52,3,False
3.0,171.0,250.0,20.95,4,False
0.0,0.0,50.0,0.0,2,True
1.0,46.0,256.0,3.3,3,True
0.0,0.0,15.0,0.0,1,True
0.0,0.0,33.0,0.0,2,False
6.0,287.0,320.0,55.0,7,False
3.0,209.0,305.0,16.43,3,False
2.0,76.0,100.0,7.9,2,False
2.0,122.0,143.0,4.6,2,False
0.0,0.0,247.0,0.0,3,False
1.0,232.0,317.0,10.06,2,False
1.0,19.0,323.0,17.7,1,False
8.0,338.0,364.0,17.18,2,False
0.0,0.0,29.0,0.0,1,True
0.0,0.0,25.0,0.0,1,True
1.0,21.0,334.0,29.7,1,False
1.0,160.0,182.0,43.02,2,True
5.0,300.0,322.0,15.56,5,False
2.0,70.0,161.0,10.72,2,False
1.0,98.0,180.0,31.2,3,False
15.0,299.0,310.0,5.61,6,False
0.0,0.0,64.0,0.0,3,False
0.0,0.0,240.0,0.0,1,False
2.0,359.0,364.0,18.56,2,False
1.0,260.0,261.0,17.7,1,False
0.0,0.0,49.0,0.0,1,False
0.0,0.0,9.0,0.0,1,False
2.0,121.0,163.0,13.28,1,False
0.0,0.0,292.0,0.0,1,False
78.0,354.0,355.0,12.57,8,False
1.0,1.0,373.0,234.3,1,False
0.0,0.0,227.0,0.0,2,False
0.0,0.0,368.0,0.0,1,False
2.0,250.0,253.0,9.9,2,False
3.0,244.0,288.0,13.2,1,True
1.0,153.0,368.0,0.55,2,False
0.0,0.0,45.0,0.0,1,False
0.0,0.0,86.0,0.0,1,False
1.0,368.0,371.0,1.65,2,False
0.0,0.0,317.0,0.0,1,True
1.0,39.0,361.0,4.95,2,True
6.0,295.0,366.0,18.82,3,False
0.0,0.0,159.0,0.0,1,False
0.0,0.0,373.0,0.0,2,False
0.0,0.0,9.0,0.0,2,True
0.0,0.0,256.0,0.0,1,False
3.0,365.0,373.0,19.98,5,False
3.0,202.0,266.0,8.9,5,False
0.0,0.0,203.0,0.0,1,False
0.0,0.0,134.0,0.0,1,False
0.0,0.0,211.0,0.0,1,True
0.0,0.0,138.0,0.0,1,False
0.0,0.0,5.0,0.0,2,False
7.0,261.0,329.0,10.87,7,False
3.0,153.0,372.0,5.47,5,False
5.0,274.0,365.0,12.12,3,True
0.0,0.0,371.0,0.0,3,False
0.0,0.0,373.0,0.0,4,True
0.0,0.0,241.0,0.0,1,True
1.0,195.0,219.0,7.65,3,True
3.0,324.0,339.0,8.96,3,False
0.0,0.0,372.0,0.0,3,True
1.0,224.0,259.0,1.65,2,True
0.0,0.0,359.0,0.0,1,False
0.0,0.0,361.0,0.0,1,False
0.0,0.0,290.0,0.0,1,False
0.0,0.0,37.0,0.0,2,False
0.0,0.0,86.0,0.0,1,False
0.0,0.0,362.0,0.0,1,False
0.0,0.0,203.0,0.0,1,False
0.0,0.0,235.0,0.0,2,True
0.0,0.0,373.0,0.0,1,True
3.0,283.0,315.0,18.32,3,False
0.0,0.0,51.0,0.0,1,False
0.0,0.0,35.0,0.0,3,False
0.0,0.0,32.0,0.0,1,False
0.0,0.0,19.0,0.0,1,False
6.0,361.0,372.0,16.9,6,True
0.0,0.0,366.0,0.0,1,False
0.0,0.0,45.0,0.0,1,True
0.0,0.0,203.0,0.0,1,False
0.0,0.0,70.0,0.0,1,True
6.0,330.0,369.0,42.61,4,False
1.0,69.0,288.0,35.4,1,False
4.0,301.0,327.0,23.56,5,False
8.0,337.0,360.0,31.26,3,False
1.0,81.0,126.0,13.2,1,True
0.0,0.0,25.0,0.0,1,False
0.0,0.0,274.0,0.0,1,False
0.0,0.0,61.0,0.0,2,False
0.0,0.0,136.0,0.0,1,False
2.0,52.0,63.0,20.82,2,True
1.0,79.0,205.0,13.52,1,False
0.0,0.0,127.0,0.0,3,True
0.0,0.0,78.0,0.0,1,True
18.0,362.0,369.0,10.97,4,False
6.0,297.0,364.0,12.79,2,False
0.0,0.0,25.0,0.0,1,False
21.0,359.0,369.0,20.2,8,False
5.0,142.0,150.0,23.4,4,True
1.0,7.0,31.0,24.82,3,False
3.0,287.0,316.0,29.78,2,False
0.0,0.0,60.0,0.0,1,False
1.0,114.0,133.0,16.04,2,False
0.0,0.0,57.0,0.0,3,False
0.0,0.0,319.0,0.0,1,True
0.0,0.0,295.0,0.0,1,False
0.0,0.0,116.0,0.0,1,False
0.0,0.0,269.0,0.0,1,False
2.0,225.0,312.0,79.97,6,False
1.0,80.0,220.0,13.2,2,False
1.0,223.0,273.0,31.2,3,True
0.0,0.0,134.0,0.0,3,True
0.0,0.0,3.0,0.0,1,False
0.0,0.0,369.0,0.0,1,False
0.0,0.0,88.0,0.0,2,True
4.0,304.0,319.0,68.25,4,True
0.0,0.0,37.0,0.0,2,False
1.0,82.0,105.0,35.4,1,False
2.0,105.0,372.0,10.8,3,True
0.0,0.0,112.0,0.0,1,False
2.0,139.0,238.0,53.12,2,True
0.0,0.0,99.0,0.0,1,False
3.0,98.0,255.0,22.0,3,False
2.0,236.0,364.0,58.85,5,False
1.0,72.0,326.0,33.0,3,False
2.0,83.0,142.0,20.4,1,True
0.0,0.0,24.0,0.0,1,False
1.0,47.0,274.0,38.5,3,False
0.0,0.0,249.0,0.0,2,False
0.0,0.0,290.0,0.0,1,False
0.0,0.0,267.0,0.0,1,True
0.0,0.0,330.0,0.0,1,False
0.0,0.0,71.0,0.0,2,True
0.0,0.0,290.0,0.0,2,False
2.0,305.0,336.0,12.65,4,True
1.0,112.0,311.0,66.64,3,True
0.0,0.0,36.0,0.0,1,True
0.0,0.0,51.0,0.0,1,False
0.0,0.0,43.0,0.0,1,True
0.0,0.0,326.0,0.0,1,True
0.0,0.0,236.0,0.0,1,True
0.0,0.0,31.0,0.0,1,False
0.0,0.0,70.0,0.0,1,True
1.0,70.0,281.0,33.0,1,True
7.0,366.0,368.0,21.7,2,False
0.0,0.0,211.0,0.0,2,True
0.0,0.0,92.0,0.0,2,False
10.0,354.0,358.0,37.77,5,False
0.0,0.0,263.0,0.0,1,False
4.0,283.0,305.0,46.15,6,False
10.0,293.0,337.0,53.04,6,False
0.0,0.0,79.0,0.0,1,True
4.0,160.0,171.0,37.12,2,True
3.0,76.0,268.0,38.87,3,False
1.0,146.0,217.0,20.8,2,False
2.0,154.0,372.0,33.31,2,False
5.0,118.0,217.0,25.76,4,False
0.0,0.0,72.0,0.0,1,True
4.0,348.0,355.0,20.51,3,True
0.0,0.0,186.0,0.0,2,True
0.0,0.0,310.0,0.0,1,True
1.0,121.0,171.0,18.47,3,False
0.0,0.0,89.0,0.0,1,False
2.0,257.0,296.0,45.33,4,False
3.0,162.0,334.0,33.21,4,False
0.0,0.0,140.0,0.0,1,False
1.0,86.0,158.0,33.32,3,False
2.0,112.0,225.0,14.03,2,True
0.0,0.0,30.0,0.0,1,False
0.0,0.0,58.0,0.0,1,True
12.0,334.0,337.0,11.56,7,True
